student_id,assessment_date,aptitude_score,coding_score,mock_interview_score,placement_participation
STU0001,2025-03-15,60.74,51.37,45.13,True
STU0002,2025-03-15,33.2,23.42,31.26,True
STU0003,2025-03-15,56.74,57.93,55.42,True
STU0004,2025-03-15,88.74,74.93,76.9,True
STU0005,2025-03-15,80.17,72.85,81.13,True
STU0006,2025-03-15,40.38,42.07,36.13,True
STU0007,2025-03-15,83.45,82.73,77.54,True
STU0008,2025-03-15,71.92,77.01,72.34,True
STU0009,2025-03-15,86.88,76.91,83.65,True
STU0010,2025-03-15,49.7,43.05,62.99,True
STU0011,2025-03-15,52.7,56.24,48.52,True
STU0012,2025-03-15,69.94,72.97,74.18,True
STU0013,2025-03-15,74.93,74.23,72.73,True
STU0014,2025-03-15,74.6,82.33,62.43,True
STU0015,2025-03-15,74.55,59.71,61.61,True
STU0016,2025-03-15,92.16,100.0,81.74,True
STU0017,2025-03-15,87.94,83.34,83.33,True
STU0018,2025-03-15,72.46,92.33,71.28,True
STU0019,2025-03-15,44.68,57.12,41.71,True
STU0020,2025-03-15,44.55,67.16,44.69,True
STU0021,2025-03-15,91.39,95.17,96.29,True
STU0022,2025-03-15,73.09,87.61,81.08,True
STU0023,2025-03-15,25.04,33.22,28.11,True
STU0024,2025-03-15,43.88,35.84,47.01,True
STU0025,2025-03-15,88.64,76.74,84.12,True
STU0026,2025-03-15,39.56,45.57,40.06,True
STU0027,2025-03-15,55.65,62.2,52.65,True
STU0028,2025-03-15,73.62,80.57,87.49,True
STU0029,2025-03-15,41.41,29.79,36.85,True
STU0030,2025-03-15,61.93,41.96,43.94,True
STU0031,2025-03-15,82.42,90.27,81.18,True
STU0032,2025-03-15,87.34,90.82,94.47,True
STU0033,2025-03-15,51.49,46.72,40.06,True
STU0034,2025-03-15,82.42,92.19,94.4,True
STU0035,2025-03-15,73.26,88.2,75.36,True
STU0036,2025-03-15,82.64,85.0,72.18,True
STU0037,2025-03-15,91.29,90.24,80.81,True
STU0038,2025-03-15,71.56,77.21,82.5,True
STU0039,2025-03-15,77.02,76.64,67.68,True
STU0040,2025-03-15,57.97,57.37,47.97,True
STU0041,2025-03-15,49.53,52.64,51.13,True
STU0042,2025-03-15,67.1,69.11,80.01,True
STU0043,2025-03-15,74.76,73.11,66.89,True
STU0044,2025-03-15,74.47,89.73,74.41,True
STU0045,2025-03-15,87.45,70.61,74.01,True
STU0046,2025-03-15,27.22,10.4,16.93,False
STU0047,2025-03-15,60.09,47.09,50.42,True
STU0048,2025-03-15,89.73,92.07,81.66,True
STU0049,2025-03-15,54.76,47.62,46.04,True
STU0050,2025-03-15,33.83,37.75,23.66,True
STU0051,2025-03-15,89.51,96.46,77.72,True
STU0052,2025-03-15,76.7,72.68,63.61,True
STU0053,2025-03-15,76.36,89.1,75.38,True
STU0054,2025-03-15,41.81,25.69,35.43,True
STU0055,2025-03-15,55.53,42.44,45.5,True
STU0056,2025-03-15,17.89,13.07,14.48,False
STU0057,2025-03-15,76.48,91.23,85.88,True
STU0058,2025-03-15,49.4,40.97,41.33,True
STU0059,2025-03-15,50.0,45.25,38.44,True
STU0060,2025-03-15,38.97,48.23,44.96,True
STU0061,2025-03-15,44.82,69.19,56.56,True
STU0062,2025-03-15,71.08,79.62,67.07,True
STU0063,2025-03-15,42.87,41.05,54.55,True
STU0064,2025-03-15,75.58,82.58,81.53,True
STU0065,2025-03-15,90.77,89.3,84.52,True
STU0066,2025-03-15,84.0,79.6,77.98,True
STU0067,2025-03-15,75.59,68.22,76.74,True
STU0068,2025-03-15,72.5,67.33,68.72,True
STU0069,2025-03-15,81.97,68.18,84.82,True
STU0070,2025-03-15,86.55,70.93,84.18,True
STU0071,2025-03-15,45.98,36.47,59.98,True
STU0072,2025-03-15,74.94,88.46,77.66,True
STU0073,2025-03-15,64.73,71.75,73.04,True
STU0074,2025-03-15,73.71,79.11,65.37,True
STU0075,2025-03-15,41.93,36.44,47.66,True
STU0076,2025-03-15,72.27,81.93,69.88,True
STU0077,2025-03-15,46.44,60.55,57.52,True
STU0078,2025-03-15,67.5,70.34,72.24,True
STU0079,2025-03-15,69.44,67.04,63.52,True
STU0080,2025-03-15,76.34,71.41,82.19,True
STU0081,2025-03-15,74.93,63.55,70.7,True
STU0082,2025-03-15,59.49,60.45,55.03,True
STU0083,2025-03-15,75.71,72.56,65.75,True
STU0084,2025-03-15,36.61,26.76,42.33,True
STU0085,2025-03-15,71.27,65.05,61.42,True
STU0086,2025-03-15,55.19,56.47,62.83,True
STU0087,2025-03-15,33.19,33.4,45.87,True
STU0088,2025-03-15,61.15,46.81,56.06,True
STU0089,2025-03-15,76.38,74.76,85.15,True
STU0090,2025-03-15,24.26,21.97,9.88,False
STU0091,2025-03-15,92.7,76.45,92.76,True
STU0092,2025-03-15,54.18,40.7,51.78,True
STU0093,2025-03-15,49.3,37.55,48.02,True
STU0094,2025-03-15,90.66,79.84,92.32,True
STU0095,2025-03-15,17.39,16.54,25.61,False
STU0096,2025-03-15,59.0,62.69,65.96,True
STU0097,2025-03-15,89.8,91.14,90.81,True
STU0098,2025-03-15,52.39,68.66,64.98,True
STU0099,2025-03-15,37.92,32.23,26.37,True
STU0100,2025-03-15,65.87,83.25,69.68,True
STU0101,2025-03-15,75.34,64.24,71.7,True
STU0102,2025-03-15,82.62,84.15,83.66,True
STU0103,2025-03-15,79.27,66.24,73.51,True
STU0104,2025-03-15,53.31,43.58,48.56,True
STU0105,2025-03-15,35.93,17.04,27.96,True
STU0106,2025-03-15,37.8,41.85,38.17,True
STU0107,2025-03-15,30.5,29.26,30.34,False
STU0108,2025-03-15,74.61,83.97,79.91,True
STU0109,2025-03-15,42.52,43.01,49.1,True
STU0110,2025-03-15,71.16,58.4,69.96,True
STU0111,2025-03-15,30.61,34.49,38.47,True
STU0112,2025-03-15,75.53,78.07,70.44,True
STU0113,2025-03-15,69.07,55.6,71.3,True
STU0114,2025-03-15,80.79,92.87,86.24,True
STU0115,2025-03-15,84.39,67.35,86.1,True
STU0116,2025-03-15,40.11,31.5,28.55,True
STU0117,2025-03-15,71.62,55.55,70.35,True
STU0118,2025-03-15,98.97,89.87,78.32,True
STU0119,2025-03-15,72.44,74.93,64.23,True
STU0120,2025-03-15,49.62,55.68,51.99,True
STU0121,2025-03-15,65.2,66.43,68.53,True
STU0122,2025-03-15,61.56,75.22,72.9,True
STU0123,2025-03-15,75.05,98.35,88.8,True
STU0124,2025-03-15,86.4,79.63,87.61,True
STU0125,2025-03-15,79.13,83.56,86.34,True
STU0126,2025-03-15,32.39,50.78,38.05,True
STU0127,2025-03-15,45.6,34.54,41.65,True
STU0128,2025-03-15,44.96,46.41,42.98,True
STU0129,2025-03-15,90.66,82.83,86.22,True
STU0130,2025-03-15,73.48,84.36,69.53,True
STU0131,2025-03-15,68.4,83.52,74.46,True
STU0132,2025-03-15,85.01,90.25,91.97,True
STU0133,2025-03-15,85.52,86.86,93.49,True
STU0134,2025-03-15,84.43,90.82,80.07,True
STU0135,2025-03-15,95.23,77.94,82.16,True
STU0136,2025-03-15,19.45,10.59,19.71,False
STU0137,2025-03-15,70.72,67.11,82.78,True
STU0138,2025-03-15,73.5,61.05,65.87,True
STU0139,2025-03-15,74.99,83.85,75.06,True
STU0140,2025-03-15,82.16,79.1,84.23,True
STU0141,2025-03-15,90.23,69.47,87.43,True
STU0142,2025-03-15,76.47,80.87,74.51,True
STU0143,2025-03-15,72.67,75.87,81.26,True
STU0144,2025-03-15,44.3,53.61,49.33,True
STU0145,2025-03-15,62.55,51.45,55.42,True
STU0146,2025-03-15,80.32,100.0,83.92,True
STU0147,2025-03-15,80.66,83.56,82.81,True
STU0148,2025-03-15,46.88,31.0,45.56,True
STU0149,2025-03-15,79.45,86.01,83.69,True
STU0150,2025-03-15,39.23,42.79,45.64,True
STU0151,2025-03-15,45.45,43.81,47.17,True
STU0152,2025-03-15,32.35,39.64,49.01,True
STU0153,2025-03-15,94.02,98.94,91.68,True
STU0154,2025-03-15,51.4,64.09,49.34,True
STU0155,2025-03-15,74.14,91.45,81.55,True
STU0156,2025-03-15,72.65,80.91,79.93,True
STU0157,2025-03-15,61.64,65.04,58.29,True
STU0158,2025-03-15,80.36,70.14,74.4,True
STU0159,2025-03-15,62.14,65.49,73.12,True
STU0160,2025-03-15,58.47,59.9,69.9,True
STU0161,2025-03-15,70.3,88.09,68.02,True
STU0162,2025-03-15,66.63,67.89,60.54,True
STU0163,2025-03-15,68.37,75.06,62.01,True
STU0164,2025-03-15,87.01,79.58,86.74,True
STU0165,2025-03-15,90.84,91.1,93.31,True
STU0166,2025-03-15,38.48,56.24,50.74,True
STU0167,2025-03-15,41.38,33.93,32.06,True
STU0168,2025-03-15,55.8,55.31,47.78,True
STU0169,2025-03-15,72.19,62.06,57.55,True
STU0170,2025-03-15,67.91,92.42,88.57,True
STU0171,2025-03-15,61.44,62.36,67.53,True
STU0172,2025-03-15,79.15,63.73,73.46,True
STU0173,2025-03-15,70.64,79.47,86.59,True
STU0174,2025-03-15,79.59,85.68,75.89,True
STU0175,2025-03-15,57.98,53.42,48.14,True
STU0176,2025-03-15,73.12,71.98,70.92,True
STU0177,2025-03-15,87.6,65.7,72.95,True
STU0178,2025-03-15,76.02,88.65,73.04,True
STU0179,2025-03-15,71.56,73.68,49.67,True
STU0180,2025-03-15,47.07,43.09,46.67,True
STU0181,2025-03-15,69.05,79.66,81.2,True
STU0182,2025-03-15,38.11,38.87,27.66,True
STU0183,2025-03-15,90.02,73.33,82.13,True
STU0184,2025-03-15,49.36,24.95,35.4,True
STU0185,2025-03-15,70.55,82.03,71.4,True
STU0186,2025-03-15,49.64,44.85,47.51,True
STU0187,2025-03-15,56.43,45.61,58.89,True
STU0188,2025-03-15,100.0,92.77,85.14,True
STU0189,2025-03-15,73.53,64.47,66.05,True
STU0190,2025-03-15,83.31,77.51,90.99,True
STU0191,2025-03-15,81.76,60.35,71.86,True
STU0192,2025-03-15,39.31,46.5,42.87,True
STU0193,2025-03-15,49.44,43.75,40.26,True
STU0194,2025-03-15,49.71,73.28,57.66,True
STU0195,2025-03-15,17.95,26.78,40.75,False
STU0196,2025-03-15,64.12,63.02,71.6,True
STU0197,2025-03-15,75.88,79.61,78.07,True
STU0198,2025-03-15,91.5,100.0,88.14,True
STU0199,2025-03-15,67.87,90.36,79.04,True
STU0200,2025-03-15,71.16,83.92,70.14,True
STU0201,2025-03-15,88.48,75.52,79.22,True
STU0202,2025-03-15,61.52,78.35,57.99,True
STU0203,2025-03-15,74.8,81.31,83.03,True
STU0204,2025-03-15,59.22,70.72,62.47,True
STU0205,2025-03-15,82.94,91.36,75.84,True
STU0206,2025-03-15,55.61,44.77,65.43,True
STU0207,2025-03-15,86.05,90.96,83.03,True
STU0208,2025-03-15,79.75,73.45,75.39,True
STU0209,2025-03-15,57.8,57.79,61.95,True
STU0210,2025-03-15,57.3,55.17,45.46,True
STU0211,2025-03-15,75.71,77.83,83.38,True
STU0212,2025-03-15,41.0,50.23,43.78,True
STU0213,2025-03-15,54.15,60.23,61.97,True
STU0214,2025-03-15,49.1,49.84,42.25,True
STU0215,2025-03-15,46.8,39.66,58.3,True
STU0216,2025-03-15,94.6,83.1,89.87,True
STU0217,2025-03-15,61.56,62.91,55.82,True
STU0218,2025-03-15,72.9,62.74,78.37,True
STU0219,2025-03-15,78.73,82.99,83.27,True
STU0220,2025-03-15,38.29,38.75,38.2,True
STU0221,2025-03-15,45.89,61.06,52.0,True
STU0222,2025-03-15,71.29,83.4,75.78,True
STU0223,2025-03-15,68.38,73.17,76.67,True
STU0224,2025-03-15,34.72,36.03,39.99,True
STU0225,2025-03-15,49.83,58.56,56.89,True
STU0226,2025-03-15,34.25,40.67,50.26,True
STU0227,2025-03-15,39.64,52.65,56.55,True
STU0228,2025-03-15,16.34,22.8,26.01,False
STU0229,2025-03-15,73.48,83.85,78.5,True
STU0230,2025-03-15,47.8,63.73,39.19,True
STU0231,2025-03-15,84.45,82.58,81.04,True
STU0232,2025-03-15,82.51,70.37,83.22,True
STU0233,2025-03-15,76.36,71.5,68.0,True
STU0234,2025-03-15,40.07,29.38,33.24,True
STU0235,2025-03-15,62.14,39.65,51.4,True
STU0236,2025-03-15,46.47,45.77,38.49,True
STU0237,2025-03-15,43.53,48.58,39.37,True
STU0238,2025-03-15,61.61,64.55,63.59,True
STU0239,2025-03-15,71.35,71.97,67.17,True
STU0240,2025-03-15,73.83,100.0,85.86,True
STU0241,2025-03-15,82.17,82.66,87.71,True
STU0242,2025-03-15,38.38,40.46,50.04,True
STU0243,2025-03-15,27.85,26.26,38.71,True
STU0244,2025-03-15,66.74,70.5,64.47,True
STU0245,2025-03-15,52.28,66.86,65.22,True
STU0246,2025-03-15,42.62,28.48,45.4,True
STU0247,2025-03-15,74.14,80.16,69.84,True
STU0248,2025-03-15,24.59,18.25,21.36,False
STU0249,2025-03-15,36.93,42.67,44.35,True
STU0250,2025-03-15,59.93,71.49,61.68,True
STU0251,2025-03-15,81.73,87.65,75.71,True
STU0252,2025-03-15,76.19,72.7,85.68,True
STU0253,2025-03-15,63.53,72.73,58.08,True
STU0254,2025-03-15,62.34,60.41,62.5,True
STU0255,2025-03-15,39.54,34.97,36.86,True
STU0256,2025-03-15,41.0,42.5,28.71,True
STU0257,2025-03-15,41.61,25.28,40.29,True
STU0258,2025-03-15,87.16,89.85,93.21,True
STU0259,2025-03-15,79.23,72.31,90.82,True
STU0260,2025-03-15,81.7,86.83,74.7,True
STU0261,2025-03-15,32.73,47.79,48.46,True
STU0262,2025-03-15,89.72,84.57,82.71,True
STU0263,2025-03-15,65.39,55.54,62.48,True
STU0264,2025-03-15,67.35,57.75,59.89,True
STU0265,2025-03-15,33.05,41.83,23.87,False
STU0266,2025-03-15,66.05,67.77,64.91,True
STU0267,2025-03-15,43.62,44.36,40.72,True
STU0268,2025-03-15,66.4,71.51,65.75,True
STU0269,2025-03-15,43.56,46.5,43.71,True
STU0270,2025-03-15,38.71,60.21,61.49,True
STU0271,2025-03-15,85.98,84.16,92.7,True
STU0272,2025-03-15,78.82,72.36,85.01,True
STU0273,2025-03-15,48.5,54.61,51.06,True
STU0274,2025-03-15,88.7,90.68,94.94,True
STU0275,2025-03-15,30.65,34.76,24.27,False
STU0276,2025-03-15,31.82,49.79,34.15,True
STU0277,2025-03-15,80.57,74.61,84.98,True
STU0278,2025-03-15,82.63,74.95,70.83,True
STU0279,2025-03-15,27.21,32.32,19.51,True
STU0280,2025-03-15,86.52,82.93,80.45,True
STU0281,2025-03-15,73.24,62.56,91.65,True
STU0282,2025-03-15,51.49,38.75,34.23,True
STU0283,2025-03-15,73.43,77.41,74.14,True
STU0284,2025-03-15,65.3,54.01,45.45,True
STU0285,2025-03-15,66.72,59.25,65.92,True
STU0286,2025-03-15,31.84,29.09,41.5,True
STU0287,2025-03-15,77.03,86.47,79.17,True
STU0288,2025-03-15,18.54,23.75,19.91,False
STU0289,2025-03-15,84.93,76.88,80.27,True
STU0290,2025-03-15,85.32,85.37,97.11,True
STU0291,2025-03-15,61.59,66.87,56.85,True
STU0292,2025-03-15,72.51,65.72,64.11,True
STU0293,2025-03-15,81.45,90.84,76.75,True
STU0294,2025-03-15,79.33,69.34,84.86,True
STU0295,2025-03-15,56.07,58.03,60.86,True
STU0296,2025-03-15,79.33,65.13,81.01,True
STU0297,2025-03-15,61.82,58.7,57.66,True
STU0298,2025-03-15,76.33,83.53,85.23,True
STU0299,2025-03-15,82.45,100.0,84.04,True
STU0300,2025-03-15,60.2,61.28,63.53,True
STU0301,2025-03-15,65.56,57.4,54.55,True
STU0302,2025-03-15,63.79,51.54,70.03,True
STU0303,2025-03-15,34.68,36.38,39.72,True
STU0304,2025-03-15,90.93,85.44,96.28,True
STU0305,2025-03-15,50.05,37.32,54.41,True
STU0306,2025-03-15,41.92,49.91,48.18,True
STU0307,2025-03-15,47.45,31.07,50.63,True
STU0308,2025-03-15,80.32,92.3,94.49,True
STU0309,2025-03-15,69.66,55.62,77.06,True
STU0310,2025-03-15,43.01,42.71,36.14,True
STU0311,2025-03-15,81.49,81.98,71.9,True
STU0312,2025-03-15,81.6,82.17,75.46,True
STU0313,2025-03-15,73.03,86.2,86.01,True
STU0314,2025-03-15,83.83,70.44,74.67,True
STU0315,2025-03-15,55.17,60.6,55.17,True
STU0316,2025-03-15,27.29,34.11,35.99,False
STU0317,2025-03-15,77.16,78.04,76.54,True
STU0318,2025-03-15,84.54,89.12,87.8,True
STU0319,2025-03-15,77.16,79.35,85.19,True
STU0320,2025-03-15,54.46,67.05,65.38,True
STU0321,2025-03-15,52.04,56.97,51.29,True
STU0322,2025-03-15,74.86,74.88,77.8,True
STU0323,2025-03-15,69.0,65.9,69.81,True
STU0324,2025-03-15,49.93,44.83,54.05,True
STU0325,2025-03-15,85.2,84.37,88.44,True
STU0326,2025-03-15,79.0,74.65,85.13,True
STU0327,2025-03-15,31.0,24.7,28.29,True
STU0328,2025-03-15,81.69,87.0,82.92,True
STU0329,2025-03-15,85.25,98.1,82.65,True
STU0330,2025-03-15,42.37,56.07,43.07,True
STU0331,2025-03-15,56.3,51.07,53.08,True
STU0332,2025-03-15,49.98,56.37,58.46,True
STU0333,2025-03-15,79.48,95.76,72.56,True
STU0334,2025-03-15,90.38,88.77,91.32,True
STU0335,2025-03-15,78.1,68.17,71.77,True
STU0336,2025-03-15,46.13,62.6,46.95,True
STU0337,2025-03-15,47.03,53.67,38.84,True
STU0338,2025-03-15,79.08,79.62,74.91,True
STU0339,2025-03-15,72.78,85.14,63.53,True
STU0340,2025-03-15,72.62,89.41,84.93,True
STU0341,2025-03-15,80.37,78.38,86.75,True
STU0342,2025-03-15,85.12,77.17,77.8,True
STU0343,2025-03-15,62.77,77.89,62.16,True
STU0344,2025-03-15,70.47,74.85,75.24,True
STU0345,2025-03-15,94.08,78.12,100.0,True
STU0346,2025-03-15,27.99,36.5,39.71,True
STU0347,2025-03-15,78.79,81.98,90.41,True
STU0348,2025-03-15,86.2,82.65,85.1,True
STU0349,2025-03-15,46.81,43.94,38.68,True
STU0350,2025-03-15,52.15,62.48,50.75,True
STU0351,2025-03-15,58.69,49.95,63.88,True
STU0352,2025-03-15,39.72,53.85,41.18,True
STU0353,2025-03-15,73.58,65.14,69.63,True
STU0354,2025-03-15,60.08,64.35,67.44,True
STU0355,2025-03-15,78.17,90.23,88.58,True
STU0356,2025-03-15,88.87,79.18,70.62,True
STU0357,2025-03-15,71.89,76.62,72.12,True
STU0358,2025-03-15,91.57,96.06,80.79,True
STU0359,2025-03-15,81.63,88.92,81.17,True
STU0360,2025-03-15,79.54,80.74,86.35,True
STU0361,2025-03-15,36.21,27.23,36.18,True
STU0362,2025-03-15,70.92,69.57,73.59,True
STU0363,2025-03-15,44.0,32.65,45.15,True
STU0364,2025-03-15,76.58,72.05,83.12,True
STU0365,2025-03-15,58.82,50.6,66.18,True
STU0366,2025-03-15,84.05,92.26,81.38,True
STU0367,2025-03-15,84.53,73.32,88.1,True
STU0368,2025-03-15,41.91,55.48,39.98,True
STU0369,2025-03-15,22.45,36.87,39.07,True
STU0370,2025-03-15,60.14,51.09,59.85,True
STU0371,2025-03-15,68.54,65.14,60.61,True
STU0372,2025-03-15,63.14,48.89,45.91,True
STU0373,2025-03-15,74.08,83.35,84.48,True
STU0374,2025-03-15,86.33,79.96,89.12,True
STU0375,2025-03-15,38.26,28.61,38.73,True
STU0376,2025-03-15,70.0,73.41,83.02,True
STU0377,2025-03-15,81.32,66.62,68.04,True
STU0378,2025-03-15,92.62,92.51,86.82,True
STU0379,2025-03-15,75.59,91.11,85.53,True
STU0380,2025-03-15,78.56,81.16,79.6,True
STU0381,2025-03-15,70.54,73.86,65.5,True
STU0382,2025-03-15,93.76,75.99,95.12,True
STU0383,2025-03-15,91.4,78.01,93.11,True
STU0384,2025-03-15,36.89,28.47,50.38,True
STU0385,2025-03-15,56.65,57.73,64.16,True
STU0386,2025-03-15,47.48,46.77,48.56,True
STU0387,2025-03-15,45.16,52.02,47.44,True
STU0388,2025-03-15,77.16,74.35,93.96,True
STU0389,2025-03-15,51.26,55.75,44.63,True
STU0390,2025-03-15,84.93,79.29,89.72,True
STU0391,2025-03-15,83.1,68.08,72.01,True
STU0392,2025-03-15,60.19,67.34,53.96,True
STU0393,2025-03-15,86.82,78.4,91.59,True
STU0394,2025-03-15,40.24,33.64,33.79,True
STU0395,2025-03-15,71.26,65.63,78.72,True
STU0396,2025-03-15,49.48,41.38,45.5,True
STU0397,2025-03-15,48.19,61.24,58.6,True
STU0398,2025-03-15,55.04,67.83,55.1,True
STU0399,2025-03-15,76.43,65.6,75.93,True
STU0400,2025-03-15,41.47,40.61,48.73,True
STU0401,2025-03-15,65.49,61.53,52.82,True
STU0402,2025-03-15,67.77,63.59,61.58,True
STU0403,2025-03-15,40.47,38.45,33.44,True
STU0404,2025-03-15,80.17,78.5,72.31,True
STU0405,2025-03-15,67.44,80.27,67.81,True
STU0406,2025-03-15,41.52,52.96,46.57,True
STU0407,2025-03-15,92.98,84.61,79.96,True
STU0408,2025-03-15,52.55,32.14,50.16,True
STU0409,2025-03-15,75.8,61.1,68.39,True
STU0410,2025-03-15,33.5,21.73,21.26,True
STU0411,2025-03-15,76.07,76.67,83.98,True
STU0412,2025-03-15,49.12,45.05,56.34,True
STU0413,2025-03-15,51.33,41.32,48.76,True
STU0414,2025-03-15,52.06,57.66,61.78,True
STU0415,2025-03-15,59.04,43.65,60.08,True
STU0416,2025-03-15,74.92,83.52,91.69,True
STU0417,2025-03-15,94.1,94.63,83.01,True
STU0418,2025-03-15,91.44,84.53,75.68,True
STU0419,2025-03-15,22.81,27.95,29.99,False
STU0420,2025-03-15,84.2,82.57,82.31,True
STU0421,2025-03-15,75.35,83.94,73.98,True
STU0422,2025-03-15,36.66,44.39,37.23,True
STU0423,2025-03-15,81.28,77.81,88.4,True
STU0424,2025-03-15,28.05,13.29,21.58,False
STU0425,2025-03-15,51.41,49.61,47.51,True
STU0426,2025-03-15,80.31,79.01,75.7,True
STU0427,2025-03-15,48.58,48.84,40.77,True
STU0428,2025-03-15,76.75,75.37,59.56,True
STU0429,2025-03-15,85.81,84.19,91.21,True
STU0430,2025-03-15,52.78,65.56,52.54,True
STU0431,2025-03-15,48.72,57.43,47.53,True
STU0432,2025-03-15,77.61,76.73,80.78,True
STU0433,2025-03-15,55.84,81.3,71.51,True
STU0434,2025-03-15,77.12,67.3,72.9,True
STU0435,2025-03-15,47.43,42.16,56.87,True
STU0436,2025-03-15,38.43,49.74,32.23,True
STU0437,2025-03-15,50.52,55.89,48.64,True
STU0438,2025-03-15,88.24,71.45,95.03,True
STU0439,2025-03-15,65.09,57.86,69.5,True
STU0440,2025-03-15,22.86,25.72,34.37,False
STU0441,2025-03-15,38.34,56.43,65.26,True
STU0442,2025-03-15,81.75,76.54,74.26,True
STU0443,2025-03-15,20.49,47.28,30.12,False
STU0444,2025-03-15,76.82,87.38,82.78,True
STU0445,2025-03-15,63.44,75.12,63.49,True
STU0446,2025-03-15,83.57,85.17,80.49,True
STU0447,2025-03-15,38.56,41.27,42.81,True
STU0448,2025-03-15,82.28,89.84,83.06,True
STU0449,2025-03-15,57.68,55.7,62.82,True
STU0450,2025-03-15,83.62,79.47,80.21,True
STU0451,2025-03-15,72.3,57.87,84.56,True
STU0452,2025-03-15,84.35,79.18,82.23,True
STU0453,2025-03-15,80.29,81.21,79.26,True
STU0454,2025-03-15,77.25,72.5,89.33,True
STU0455,2025-03-15,50.45,68.67,46.84,True
STU0456,2025-03-15,68.34,59.58,68.18,True
STU0457,2025-03-15,74.13,78.71,74.43,True
STU0458,2025-03-15,67.36,66.77,63.79,True
STU0459,2025-03-15,34.51,44.28,42.78,True
STU0460,2025-03-15,46.95,45.44,41.03,True
STU0461,2025-03-15,23.87,31.59,37.28,False
STU0462,2025-03-15,87.91,100.0,93.68,True
STU0463,2025-03-15,88.42,91.32,87.53,True
STU0464,2025-03-15,89.76,92.9,96.05,True
STU0465,2025-03-15,66.56,55.44,42.58,True
STU0466,2025-03-15,67.77,65.59,71.81,True
STU0467,2025-03-15,50.63,60.45,38.81,True
STU0468,2025-03-15,75.04,74.02,77.02,True
STU0469,2025-03-15,87.04,100.0,85.64,True
STU0470,2025-03-15,47.02,74.07,63.43,True
STU0471,2025-03-15,76.31,65.95,67.57,True
STU0472,2025-03-15,88.66,90.59,90.93,True
STU0473,2025-03-15,39.84,44.57,33.84,True
STU0474,2025-03-15,56.41,50.62,64.25,True
STU0475,2025-03-15,79.76,88.08,85.19,True
STU0476,2025-03-15,36.59,44.18,39.97,True
STU0477,2025-03-15,68.98,73.1,75.54,True
STU0478,2025-03-15,81.45,93.91,73.95,True
STU0479,2025-03-15,64.71,56.45,46.25,True
STU0480,2025-03-15,35.44,41.62,34.62,True
STU0481,2025-03-15,85.6,87.5,84.78,True
STU0482,2025-03-15,53.44,36.77,43.82,True
STU0483,2025-03-15,74.45,50.65,65.37,True
STU0484,2025-03-15,47.14,31.54,49.11,True
STU0485,2025-03-15,62.14,56.31,58.72,True
STU0486,2025-03-15,89.21,92.37,86.41,True
STU0487,2025-03-15,81.07,83.88,72.41,True
STU0488,2025-03-15,77.49,85.65,78.02,True
STU0489,2025-03-15,73.34,72.42,79.29,True
STU0490,2025-03-15,80.66,61.2,73.36,True
STU0491,2025-03-15,49.87,44.82,45.24,True
STU0492,2025-03-15,36.72,46.22,31.29,True
STU0493,2025-03-15,43.55,37.8,32.59,True
STU0494,2025-03-15,44.15,40.27,45.12,True
STU0495,2025-03-15,74.14,77.25,77.29,True
STU0496,2025-03-15,78.54,54.9,74.66,True
STU0497,2025-03-15,86.26,94.29,77.79,True
STU0498,2025-03-15,42.08,55.7,41.69,True
STU0499,2025-03-15,44.38,46.18,44.73,True
STU0500,2025-03-15,58.71,64.74,62.62,True
STU0501,2025-03-15,37.24,40.22,43.55,True
STU0502,2025-03-15,43.14,48.11,42.47,True
STU0503,2025-03-15,86.3,92.41,81.89,True
STU0504,2025-03-15,43.0,49.34,41.57,True
STU0505,2025-03-15,25.09,47.52,47.87,True
STU0506,2025-03-15,70.73,87.06,73.37,True
STU0507,2025-03-15,63.98,69.07,57.09,True
STU0508,2025-03-15,90.58,85.79,88.71,True
STU0509,2025-03-15,73.52,83.41,75.2,True
STU0510,2025-03-15,77.26,76.43,86.58,True
STU0511,2025-03-15,78.2,78.35,87.16,True
STU0512,2025-03-15,80.86,82.52,68.39,True
STU0513,2025-03-15,47.44,40.5,46.94,True
STU0514,2025-03-15,89.69,85.36,75.13,True
STU0515,2025-03-15,96.67,80.29,84.96,True
STU0516,2025-03-15,82.01,79.09,82.69,True
STU0517,2025-03-15,79.62,73.17,84.01,True
STU0518,2025-03-15,56.76,68.86,62.62,True
STU0519,2025-03-15,84.11,100.0,95.85,True
STU0520,2025-03-15,50.15,43.23,59.51,True
STU0521,2025-03-15,75.02,61.45,74.29,True
STU0522,2025-03-15,36.23,31.68,33.87,True
STU0523,2025-03-15,64.96,63.53,63.66,True
STU0524,2025-03-15,29.59,35.36,32.72,True
STU0525,2025-03-15,37.02,16.03,29.45,True
STU0526,2025-03-15,76.23,66.72,80.6,True
STU0527,2025-03-15,43.94,25.48,31.04,True
STU0528,2025-03-15,17.84,20.08,23.68,False
STU0529,2025-03-15,73.91,81.18,75.1,True
STU0530,2025-03-15,75.99,65.01,79.91,True
STU0531,2025-03-15,41.48,45.41,34.42,True
STU0532,2025-03-15,41.41,43.37,33.54,True
STU0533,2025-03-15,44.94,37.88,39.22,True
STU0534,2025-03-15,72.67,69.4,64.8,True
STU0535,2025-03-15,52.95,48.0,50.64,True
STU0536,2025-03-15,15.18,11.42,24.3,False
STU0537,2025-03-15,90.69,94.94,98.64,True
STU0538,2025-03-15,77.27,86.62,93.24,True
STU0539,2025-03-15,42.95,53.14,46.04,True
STU0540,2025-03-15,25.51,42.79,44.67,True
STU0541,2025-03-15,43.97,50.34,44.25,True
STU0542,2025-03-15,88.69,91.64,86.7,True
STU0543,2025-03-15,77.56,74.94,71.73,True
STU0544,2025-03-15,83.82,90.99,78.89,True
STU0545,2025-03-15,24.52,38.99,43.9,True
STU0546,2025-03-15,91.65,84.07,90.16,True
STU0547,2025-03-15,85.35,93.7,89.87,True
STU0548,2025-03-15,81.56,75.43,63.1,True
STU0549,2025-03-15,79.19,86.83,88.69,True
STU0550,2025-03-15,81.36,69.16,74.01,True
STU0551,2025-03-15,96.03,92.43,98.81,True
STU0552,2025-03-15,51.87,38.2,45.15,True
STU0553,2025-03-15,92.26,100.0,97.18,True
STU0554,2025-03-15,76.94,82.32,82.6,True
STU0555,2025-03-15,74.62,65.55,80.92,True
STU0556,2025-03-15,49.01,30.35,48.28,True
STU0557,2025-03-15,52.13,44.58,58.24,True
STU0558,2025-03-15,73.62,65.49,71.8,True
STU0559,2025-03-15,91.46,90.26,90.61,True
STU0560,2025-03-15,43.8,37.22,39.01,True
STU0561,2025-03-15,80.25,82.12,72.04,True
STU0562,2025-03-15,67.17,57.02,67.45,True
STU0563,2025-03-15,23.56,24.43,36.28,False
STU0564,2025-03-15,86.16,68.16,80.89,True
STU0565,2025-03-15,53.57,66.01,59.06,True
STU0566,2025-03-15,79.76,93.07,90.74,True
STU0567,2025-03-15,45.65,36.94,55.64,True
STU0568,2025-03-15,31.07,30.61,25.94,False
STU0569,2025-03-15,59.77,46.85,53.71,True
STU0570,2025-03-15,84.79,81.06,89.02,True
STU0571,2025-03-15,61.85,63.35,58.64,True
STU0572,2025-03-15,17.84,29.65,19.82,False
STU0573,2025-03-15,91.19,68.31,75.36,True
STU0574,2025-03-15,78.17,79.78,83.5,True
STU0575,2025-03-15,85.9,89.1,79.74,True
STU0576,2025-03-15,49.71,58.94,46.29,True
STU0577,2025-03-15,49.51,51.56,26.69,True
STU0578,2025-03-15,41.58,44.18,40.81,True
STU0579,2025-03-15,33.92,38.19,19.21,False
STU0580,2025-03-15,38.16,32.55,35.27,True
STU0581,2025-03-15,75.41,80.06,85.09,True
STU0582,2025-03-15,35.79,21.73,34.03,True
STU0583,2025-03-15,56.53,46.04,49.87,True
STU0584,2025-03-15,34.87,34.12,22.89,True
STU0585,2025-03-15,90.68,80.9,87.33,True
STU0586,2025-03-15,38.8,52.9,45.48,True
STU0587,2025-03-15,79.09,78.19,82.29,True
STU0588,2025-03-15,67.24,77.46,70.66,True
STU0589,2025-03-15,72.04,86.52,86.68,True
STU0590,2025-03-15,82.77,81.36,75.23,True
STU0591,2025-03-15,30.79,36.07,31.24,True
STU0592,2025-03-15,26.0,32.38,21.82,False
STU0593,2025-03-15,45.39,50.89,37.56,True
STU0594,2025-03-15,37.04,39.19,43.81,True
STU0595,2025-03-15,22.22,39.96,42.26,True
STU0596,2025-03-15,53.96,52.33,48.17,True
STU0597,2025-03-15,79.9,93.95,76.03,True
STU0598,2025-03-15,21.19,9.95,19.02,False
STU0599,2025-03-15,42.87,31.92,40.39,True
STU0600,2025-03-15,72.7,52.5,80.74,True
STU0601,2025-03-15,91.55,84.61,82.22,True
STU0602,2025-03-15,70.69,72.32,79.2,True
STU0603,2025-03-15,85.37,79.86,79.18,True
STU0604,2025-03-15,88.62,100.0,88.94,True
STU0605,2025-03-15,72.16,71.82,74.24,True
STU0606,2025-03-15,88.39,82.84,76.39,True
STU0607,2025-03-15,53.47,40.72,56.58,True
STU0608,2025-03-15,66.14,100.0,77.99,True
STU0609,2025-03-15,87.4,87.44,100.0,True
STU0610,2025-03-15,87.08,84.12,84.81,True
STU0611,2025-03-15,86.89,84.29,69.63,True
STU0612,2025-03-15,34.4,43.15,31.33,True
STU0613,2025-03-15,77.83,83.11,76.54,True
STU0614,2025-03-15,71.68,69.71,78.69,True
STU0615,2025-03-15,60.44,63.66,49.93,True
STU0616,2025-03-15,73.97,60.93,56.49,True
STU0617,2025-03-15,19.1,19.29,18.69,False
STU0618,2025-03-15,32.04,23.45,26.0,False
STU0619,2025-03-15,41.53,58.55,44.7,True
STU0620,2025-03-15,81.29,87.32,83.46,True
STU0621,2025-03-15,41.47,38.64,55.6,True
STU0622,2025-03-15,45.11,45.51,45.11,True
STU0623,2025-03-15,85.23,74.56,80.72,True
STU0624,2025-03-15,79.36,82.76,76.43,True
STU0625,2025-03-15,77.94,81.51,71.08,True
STU0626,2025-03-15,32.62,46.85,40.69,True
STU0627,2025-03-15,70.17,84.11,77.59,True
STU0628,2025-03-15,41.56,50.85,41.87,True
STU0629,2025-03-15,77.65,77.29,72.63,True
STU0630,2025-03-15,40.77,41.1,31.03,True
STU0631,2025-03-15,57.49,61.01,57.66,True
STU0632,2025-03-15,89.5,95.06,91.48,True
STU0633,2025-03-15,85.75,70.92,82.2,True
STU0634,2025-03-15,83.12,75.82,69.82,True
STU0635,2025-03-15,28.17,32.41,23.75,False
STU0636,2025-03-15,37.45,24.8,33.5,True
STU0637,2025-03-15,30.85,43.26,36.25,True
STU0638,2025-03-15,46.59,42.05,53.42,True
STU0639,2025-03-15,34.03,34.19,35.48,False
STU0640,2025-03-15,66.47,86.29,80.88,True
STU0641,2025-03-15,77.48,73.51,84.17,True
STU0642,2025-03-15,24.85,27.43,20.84,False
STU0643,2025-03-15,82.67,72.32,79.56,True
STU0644,2025-03-15,45.09,32.48,47.23,True
STU0645,2025-03-15,76.05,77.06,82.99,True
STU0646,2025-03-15,43.2,53.68,48.51,True
STU0647,2025-03-15,78.86,73.79,68.01,True
STU0648,2025-03-15,77.54,71.71,79.55,True
STU0649,2025-03-15,100.0,97.41,94.55,True
STU0650,2025-03-15,64.21,72.47,72.62,True
STU0651,2025-03-15,37.98,37.37,46.59,True
STU0652,2025-03-15,54.29,33.26,41.99,True
STU0653,2025-03-15,22.49,17.73,27.92,False
STU0654,2025-03-15,65.71,63.3,62.33,True
STU0655,2025-03-15,86.81,80.33,78.68,True
STU0656,2025-03-15,48.15,40.11,53.63,True
STU0657,2025-03-15,62.49,71.52,69.85,True
STU0658,2025-03-15,46.01,53.9,55.62,True
STU0659,2025-03-15,79.56,85.42,81.48,True
STU0660,2025-03-15,75.37,99.12,75.16,True
STU0661,2025-03-15,81.91,76.27,84.54,True
STU0662,2025-03-15,48.96,48.87,55.21,True
STU0663,2025-03-15,75.73,77.62,77.84,True
STU0664,2025-03-15,82.1,85.06,75.26,True
STU0665,2025-03-15,65.64,61.71,57.24,True
STU0666,2025-03-15,75.39,96.62,74.6,True
STU0667,2025-03-15,77.52,68.89,78.17,True
STU0668,2025-03-15,43.72,36.99,50.75,True
STU0669,2025-03-15,64.82,65.31,63.47,True
STU0670,2025-03-15,52.1,58.51,46.28,True
STU0671,2025-03-15,69.35,74.23,75.07,True
STU0672,2025-03-15,63.75,70.78,66.88,True
STU0673,2025-03-15,77.97,56.51,91.21,True
STU0674,2025-03-15,26.21,34.62,30.42,False
STU0675,2025-03-15,73.42,84.98,79.36,True
STU0676,2025-03-15,81.74,86.63,76.44,True
STU0677,2025-03-15,24.12,41.74,24.54,False
STU0678,2025-03-15,48.79,37.44,37.24,True
STU0679,2025-03-15,41.78,36.5,38.65,True
STU0680,2025-03-15,84.79,87.56,74.08,True
STU0681,2025-03-15,82.68,82.84,73.03,True
STU0682,2025-03-15,81.95,89.49,81.55,True
STU0683,2025-03-15,44.2,37.45,37.21,True
STU0684,2025-03-15,81.88,81.29,82.89,True
STU0685,2025-03-15,90.78,81.39,75.2,True
STU0686,2025-03-15,34.23,39.38,37.46,True
STU0687,2025-03-15,60.33,49.3,46.01,True
STU0688,2025-03-15,87.86,88.98,94.44,True
STU0689,2025-03-15,39.78,48.22,51.98,True
STU0690,2025-03-15,43.81,45.32,57.63,True
STU0691,2025-03-15,80.28,86.19,80.83,True
STU0692,2025-03-15,71.31,80.96,82.04,True
STU0693,2025-03-15,41.51,49.94,42.9,True
STU0694,2025-03-15,41.84,27.86,32.79,True
STU0695,2025-03-15,41.99,23.6,45.02,True
STU0696,2025-03-15,36.39,18.38,40.34,True
STU0697,2025-03-15,68.95,65.46,64.7,True
STU0698,2025-03-15,82.26,93.38,87.37,True
STU0699,2025-03-15,39.6,41.96,38.85,True
STU0700,2025-03-15,78.74,68.37,82.95,True
STU0701,2025-03-15,87.59,90.17,85.49,True
STU0702,2025-03-15,92.02,82.71,92.38,True
STU0703,2025-03-15,51.39,48.09,45.07,True
STU0704,2025-03-15,75.75,75.57,70.18,True
STU0705,2025-03-15,81.1,78.16,84.6,True
STU0706,2025-03-15,63.28,92.04,67.16,True
STU0707,2025-03-15,67.54,59.5,64.91,True
STU0708,2025-03-15,30.18,44.07,28.66,False
STU0709,2025-03-15,35.31,39.36,45.49,True
STU0710,2025-03-15,85.45,89.53,80.89,True
STU0711,2025-03-15,49.81,37.95,41.89,True
STU0712,2025-03-15,59.85,58.92,54.71,True
STU0713,2025-03-15,85.2,82.45,91.58,True
STU0714,2025-03-15,75.08,80.5,76.89,True
STU0715,2025-03-15,89.42,93.67,93.58,True
STU0716,2025-03-15,49.4,49.08,45.85,True
STU0717,2025-03-15,35.26,37.95,32.19,True
STU0718,2025-03-15,36.83,35.48,33.31,True
STU0719,2025-03-15,100.0,94.66,98.36,True
STU0720,2025-03-15,52.22,46.29,41.1,True
STU0721,2025-03-15,93.59,97.26,75.85,True
STU0722,2025-03-15,76.23,81.78,95.62,True
STU0723,2025-03-15,85.68,95.67,98.63,True
STU0724,2025-03-15,68.49,71.33,56.58,True
STU0725,2025-03-15,28.29,37.82,16.37,False
STU0726,2025-03-15,56.14,47.45,61.67,True
STU0727,2025-03-15,86.54,96.65,83.17,True
STU0728,2025-03-15,89.18,87.21,80.74,True
STU0729,2025-03-15,75.3,71.92,65.48,True
STU0730,2025-03-15,67.26,56.41,73.25,True
STU0731,2025-03-15,41.49,33.91,27.3,True
STU0732,2025-03-15,87.64,91.58,81.52,True
STU0733,2025-03-15,42.66,53.25,56.86,True
STU0734,2025-03-15,81.08,98.7,85.99,True
STU0735,2025-03-15,88.79,73.95,95.94,True
STU0736,2025-03-15,31.66,30.7,43.73,True
STU0737,2025-03-15,48.87,45.17,58.25,True
STU0738,2025-03-15,42.67,31.88,42.41,True
STU0739,2025-03-15,36.52,46.7,42.88,True
STU0740,2025-03-15,76.79,67.41,77.14,True
STU0741,2025-03-15,41.81,27.11,41.08,True
STU0742,2025-03-15,80.86,68.77,72.4,True
STU0743,2025-03-15,78.48,81.16,82.82,True
STU0744,2025-03-15,78.58,75.13,75.91,True
STU0745,2025-03-15,85.1,84.11,86.86,True
STU0746,2025-03-15,84.33,83.3,76.31,True
STU0747,2025-03-15,64.2,59.76,63.93,True
STU0748,2025-03-15,82.33,81.83,87.59,True
STU0749,2025-03-15,51.04,65.87,42.7,True
STU0750,2025-03-15,19.45,28.17,11.53,True
STU0751,2025-03-15,84.58,91.68,88.95,True
STU0752,2025-03-15,50.64,55.52,55.08,True
STU0753,2025-03-15,65.85,68.1,72.95,True
STU0754,2025-03-15,46.65,29.43,53.39,True
STU0755,2025-03-15,78.73,71.45,77.03,True
STU0756,2025-03-15,82.34,86.62,69.84,True
STU0757,2025-03-15,45.84,30.47,50.43,True
STU0758,2025-03-15,78.88,88.46,75.67,True
STU0759,2025-03-15,83.49,93.8,73.86,True
STU0760,2025-03-15,47.92,50.33,56.43,True
STU0761,2025-03-15,84.36,72.68,71.1,True
STU0762,2025-03-15,83.68,79.44,81.82,True
STU0763,2025-03-15,78.55,61.45,83.4,True
STU0764,2025-03-15,52.41,63.74,39.09,True
STU0765,2025-03-15,100.0,87.89,89.63,True
STU0766,2025-03-15,64.33,45.75,59.69,True
STU0767,2025-03-15,27.39,28.38,28.88,False
STU0768,2025-03-15,77.23,86.56,82.99,True
STU0769,2025-03-15,35.16,28.74,36.57,True
STU0770,2025-03-15,78.1,80.83,71.17,True
STU0771,2025-03-15,89.63,95.25,77.71,True
STU0772,2025-03-15,89.69,95.69,77.56,True
STU0773,2025-03-15,65.5,52.36,44.67,True
STU0774,2025-03-15,50.07,51.27,62.88,True
STU0775,2025-03-15,84.44,67.55,81.02,True
STU0776,2025-03-15,61.03,68.4,68.73,True
STU0777,2025-03-15,78.66,67.32,78.74,True
STU0778,2025-03-15,43.8,37.98,32.64,True
STU0779,2025-03-15,52.55,31.77,54.71,True
STU0780,2025-03-15,45.54,59.35,46.88,True
STU0781,2025-03-15,75.16,52.34,58.25,True
STU0782,2025-03-15,88.62,90.12,93.69,True
STU0783,2025-03-15,80.16,71.59,76.55,True
STU0784,2025-03-15,77.27,76.76,77.58,True
STU0785,2025-03-15,98.38,94.14,98.59,True
STU0786,2025-03-15,53.91,53.6,55.78,True
STU0787,2025-03-15,34.76,18.01,27.64,True
STU0788,2025-03-15,48.94,43.31,36.42,True
STU0789,2025-03-15,46.64,50.16,49.19,True
STU0790,2025-03-15,73.03,73.16,73.01,True
STU0791,2025-03-15,35.18,35.21,50.65,True
STU0792,2025-03-15,49.64,46.61,54.66,True
STU0793,2025-03-15,66.0,66.43,68.49,True
STU0794,2025-03-15,53.57,79.44,57.06,True
STU0795,2025-03-15,89.25,100.0,90.36,True
STU0796,2025-03-15,88.68,100.0,85.12,True
STU0797,2025-03-15,72.8,69.53,82.16,True
STU0798,2025-03-15,75.18,89.83,90.14,True
STU0799,2025-03-15,84.67,87.91,80.46,True
STU0800,2025-03-15,56.24,52.91,38.4,True
STU0801,2025-03-15,51.41,71.93,48.22,True
STU0802,2025-03-15,69.14,65.06,76.8,True
STU0803,2025-03-15,81.2,68.7,71.79,True
STU0804,2025-03-15,71.46,85.06,73.68,True
STU0805,2025-03-15,50.63,45.7,52.76,True
STU0806,2025-03-15,37.24,29.15,43.94,True
STU0807,2025-03-15,71.59,51.37,69.61,True
STU0808,2025-03-15,87.38,72.74,75.18,True
STU0809,2025-03-15,78.41,72.83,71.47,True
STU0810,2025-03-15,39.86,32.62,45.53,True
STU0811,2025-03-15,82.5,67.45,64.59,True
STU0812,2025-03-15,48.84,48.45,53.0,True
STU0813,2025-03-15,78.51,81.78,81.3,True
STU0814,2025-03-15,41.61,42.71,33.92,True
STU0815,2025-03-15,33.98,23.92,31.56,True
STU0816,2025-03-15,71.69,79.74,70.81,True
STU0817,2025-03-15,53.23,51.35,52.3,True
STU0818,2025-03-15,50.52,60.21,54.97,True
STU0819,2025-03-15,79.81,71.63,78.79,True
STU0820,2025-03-15,85.94,87.26,80.38,True
STU0821,2025-03-15,34.39,32.49,27.22,True
STU0822,2025-03-15,49.79,67.75,56.43,True
STU0823,2025-03-15,73.18,72.68,71.57,True
STU0824,2025-03-15,39.18,51.84,47.74,True
STU0825,2025-03-15,79.84,64.48,73.77,True
STU0826,2025-03-15,56.2,66.09,71.29,True
STU0827,2025-03-15,73.55,79.07,84.8,True
STU0828,2025-03-15,41.17,40.32,43.64,True
STU0829,2025-03-15,83.61,80.68,82.2,True
STU0830,2025-03-15,81.41,83.0,94.86,True
STU0831,2025-03-15,35.03,35.31,45.33,True
STU0832,2025-03-15,47.3,39.01,40.78,True
STU0833,2025-03-15,80.51,78.08,80.08,True
STU0834,2025-03-15,73.71,78.21,78.12,True
STU0835,2025-03-15,30.25,46.77,36.04,True
STU0836,2025-03-15,78.8,77.02,71.94,True
STU0837,2025-03-15,36.96,37.06,39.24,True
STU0838,2025-03-15,45.47,34.28,31.34,True
STU0839,2025-03-15,71.08,76.26,73.34,True
STU0840,2025-03-15,31.95,18.19,29.49,False
STU0841,2025-03-15,41.98,32.23,44.34,True
STU0842,2025-03-15,83.86,80.9,92.27,True
STU0843,2025-03-15,84.82,84.08,84.17,True
STU0844,2025-03-15,55.16,45.16,59.36,True
STU0845,2025-03-15,97.22,77.08,85.24,True
STU0846,2025-03-15,61.96,68.95,58.34,True
STU0847,2025-03-15,80.31,92.86,78.97,True
STU0848,2025-03-15,74.67,85.17,70.55,True
STU0849,2025-03-15,79.18,90.08,86.51,True
STU0850,2025-03-15,76.79,76.03,95.7,True
STU0851,2025-03-15,62.66,50.38,48.86,True
STU0852,2025-03-15,65.9,56.53,76.42,True
STU0853,2025-03-15,87.94,78.86,88.61,True
STU0854,2025-03-15,57.24,60.43,65.05,True
STU0855,2025-03-15,24.99,37.38,15.13,False
STU0856,2025-03-15,73.84,72.74,69.09,True
STU0857,2025-03-15,40.07,43.57,43.53,True
STU0858,2025-03-15,69.15,90.48,67.95,True
STU0859,2025-03-15,77.88,86.82,72.98,True
STU0860,2025-03-15,82.93,79.78,83.76,True
STU0861,2025-03-15,86.08,83.21,71.75,True
STU0862,2025-03-15,41.34,43.85,47.35,True
STU0863,2025-03-15,42.85,55.76,56.7,True
STU0864,2025-03-15,92.47,74.76,90.16,True
STU0865,2025-03-15,47.71,53.63,42.86,True
STU0866,2025-03-15,37.65,30.27,46.44,True
STU0867,2025-03-15,79.04,89.21,75.78,True
STU0868,2025-03-15,83.69,79.21,79.64,True
STU0869,2025-03-15,70.96,88.39,75.9,True
STU0870,2025-03-15,84.08,76.12,85.87,True
STU0871,2025-03-15,29.28,38.13,31.1,True
STU0872,2025-03-15,29.57,36.32,40.05,True
STU0873,2025-03-15,56.33,60.55,54.47,True
STU0874,2025-03-15,85.74,84.31,88.42,True
STU0875,2025-03-15,84.65,87.35,75.44,True
STU0876,2025-03-15,52.52,58.22,49.46,True
STU0877,2025-03-15,51.26,49.97,54.53,True
STU0878,2025-03-15,57.14,48.02,55.68,True
STU0879,2025-03-15,81.57,91.66,70.58,True
STU0880,2025-03-15,40.61,42.56,41.71,True
STU0881,2025-03-15,57.32,56.3,54.12,True
STU0882,2025-03-15,68.19,78.74,69.23,True
STU0883,2025-03-15,24.35,20.69,24.05,False
STU0884,2025-03-15,77.35,80.64,76.06,True
STU0885,2025-03-15,63.4,72.04,71.68,True
STU0886,2025-03-15,88.38,78.93,79.43,True
STU0887,2025-03-15,35.3,29.13,42.11,True
STU0888,2025-03-15,80.8,69.23,84.35,True
STU0889,2025-03-15,58.9,56.96,63.85,True
STU0890,2025-03-15,66.59,61.82,62.02,True
STU0891,2025-03-15,87.57,85.54,83.92,True
STU0892,2025-03-15,56.59,47.48,56.53,True
STU0893,2025-03-15,28.87,23.89,23.44,False
STU0894,2025-03-15,82.73,86.13,71.32,True
STU0895,2025-03-15,86.77,80.94,72.98,True
STU0896,2025-03-15,65.72,75.53,64.95,True
STU0897,2025-03-15,43.18,36.49,45.25,True
STU0898,2025-03-15,56.64,62.45,68.16,True
STU0899,2025-03-15,81.52,70.05,75.66,True
STU0900,2025-03-15,65.16,78.21,73.18,True
STU0901,2025-03-15,81.9,85.87,91.63,True
STU0902,2025-03-15,40.12,47.0,44.84,True
STU0903,2025-03-15,70.83,75.89,76.99,True
STU0904,2025-03-15,71.85,62.26,72.05,True
STU0905,2025-03-15,78.43,84.57,81.68,True
STU0906,2025-03-15,63.8,71.38,68.63,True
STU0907,2025-03-15,39.47,50.9,41.64,True
STU0908,2025-03-15,26.84,43.41,26.7,True
STU0909,2025-03-15,70.26,74.53,77.06,True
STU0910,2025-03-15,48.73,38.41,55.17,True
STU0911,2025-03-15,38.99,36.19,35.45,True
STU0912,2025-03-15,71.58,68.45,79.22,True
STU0913,2025-03-15,44.8,40.01,38.18,True
STU0914,2025-03-15,48.13,39.42,60.06,True
STU0915,2025-03-15,82.32,80.75,77.28,True
STU0916,2025-03-15,82.39,68.53,75.89,True
STU0917,2025-03-15,72.36,83.35,76.13,True
STU0918,2025-03-15,38.06,37.98,48.25,True
STU0919,2025-03-15,52.38,55.63,60.53,True
STU0920,2025-03-15,84.82,89.23,77.04,True
STU0921,2025-03-15,63.17,54.68,70.2,True
STU0922,2025-03-15,83.18,76.73,93.54,True
STU0923,2025-03-15,86.59,83.43,88.36,True
STU0924,2025-03-15,81.63,67.24,77.75,True
STU0925,2025-03-15,41.2,47.69,41.89,True
STU0926,2025-03-15,45.07,37.48,38.39,True
STU0927,2025-03-15,32.41,24.8,36.45,True
STU0928,2025-03-15,78.29,79.03,80.99,True
STU0929,2025-03-15,52.69,43.67,50.24,True
STU0930,2025-03-15,74.59,81.41,75.65,True
STU0931,2025-03-15,95.16,92.27,95.08,True
STU0932,2025-03-15,71.73,66.56,80.02,True
STU0933,2025-03-15,51.09,61.31,38.25,True
STU0934,2025-03-15,33.92,40.64,41.74,True
STU0935,2025-03-15,67.89,77.04,72.85,True
STU0936,2025-03-15,48.94,36.79,56.02,True
STU0937,2025-03-15,42.25,40.88,55.05,True
STU0938,2025-03-15,84.85,76.31,84.98,True
STU0939,2025-03-15,94.51,89.26,78.96,True
STU0940,2025-03-15,40.82,35.24,39.85,True
STU0941,2025-03-15,79.94,74.33,75.26,True
STU0942,2025-03-15,85.7,85.34,62.49,True
STU0943,2025-03-15,47.56,58.33,49.66,True
STU0944,2025-03-15,75.81,64.94,72.84,True
STU0945,2025-03-15,76.22,76.29,82.71,True
STU0946,2025-03-15,41.07,40.18,24.94,True
STU0947,2025-03-15,64.73,77.78,62.02,True
STU0948,2025-03-15,59.6,58.34,53.74,True
STU0949,2025-03-15,82.15,84.66,69.62,True
STU0950,2025-03-15,52.37,49.95,51.69,True
STU0951,2025-03-15,26.74,19.78,21.37,False
STU0952,2025-03-15,42.93,45.42,33.98,True
STU0953,2025-03-15,21.99,32.25,15.14,False
STU0954,2025-03-15,45.6,48.72,44.63,True
STU0955,2025-03-15,65.86,58.92,66.89,True
STU0956,2025-03-15,82.49,84.06,90.17,True
STU0957,2025-03-15,51.3,60.35,33.39,True
STU0958,2025-03-15,77.41,77.04,68.7,True
STU0959,2025-03-15,74.43,100.0,88.67,True
STU0960,2025-03-15,62.01,64.01,74.44,True
STU0961,2025-03-15,79.67,80.17,78.47,True
STU0962,2025-03-15,70.04,77.43,74.45,True
STU0963,2025-03-15,95.53,93.65,94.31,True
STU0964,2025-03-15,46.91,52.93,31.16,True
STU0965,2025-03-15,84.89,74.91,86.7,True
STU0966,2025-03-15,78.64,84.01,83.75,True
STU0967,2025-03-15,80.14,60.35,72.89,True
STU0968,2025-03-15,75.01,61.95,74.67,True
STU0969,2025-03-15,40.48,28.38,49.18,True
STU0970,2025-03-15,21.06,12.28,25.26,False
STU0971,2025-03-15,76.87,78.66,78.15,True
STU0972,2025-03-15,71.42,62.44,54.94,True
STU0973,2025-03-15,97.7,92.95,83.03,True
STU0974,2025-03-15,36.51,17.71,31.32,True
STU0975,2025-03-15,83.46,100.0,84.16,True
STU0976,2025-03-15,80.94,79.64,86.21,True
STU0977,2025-03-15,51.68,60.7,50.17,True
STU0978,2025-03-15,32.85,37.61,25.48,True
STU0979,2025-03-15,72.09,85.06,63.25,True
STU0980,2025-03-15,49.17,44.16,53.62,True
STU0981,2025-03-15,56.7,34.53,45.36,True
STU0982,2025-03-15,53.21,42.45,48.97,True
STU0983,2025-03-15,75.98,91.58,70.51,True
STU0984,2025-03-15,38.85,43.28,32.98,True
STU0985,2025-03-15,27.13,35.89,36.84,True
STU0986,2025-03-15,84.27,69.02,80.04,True
STU0987,2025-03-15,38.81,60.05,40.51,True
STU0988,2025-03-15,47.92,46.73,58.78,True
STU0989,2025-03-15,48.59,52.87,47.52,True
STU0990,2025-03-15,78.24,66.35,63.37,True
STU0991,2025-03-15,40.36,46.6,32.35,True
STU0992,2025-03-15,91.43,94.46,82.45,True
STU0993,2025-03-15,72.23,74.59,90.82,True
STU0994,2025-03-15,42.63,45.67,46.85,True
STU0995,2025-03-15,77.87,67.32,65.8,True
STU0996,2025-03-15,77.62,73.67,93.89,True
STU0997,2025-03-15,79.91,86.29,82.93,True
STU0998,2025-03-15,88.87,90.69,98.17,True
STU0999,2025-03-15,55.5,52.9,49.5,True
STU1000,2025-03-15,78.32,72.46,74.18,True
