student_id,assessment_date,technical_skill_score,soft_skill_score
STU0001,2025-03-15,57.23,47.93
STU0002,2025-03-15,38.53,42.29
STU0003,2025-03-15,42.44,60.68
STU0004,2025-03-15,88.48,91.91
STU0005,2025-03-15,83.78,79.07
STU0006,2025-03-15,31.27,39.26
STU0007,2025-03-15,81.63,83.44
STU0008,2025-03-15,83.23,80.38
STU0009,2025-03-15,67.63,88.28
STU0010,2025-03-15,57.65,55.09
STU0011,2025-03-15,64.65,53.03
STU0012,2025-03-15,67.04,74.88
STU0013,2025-03-15,80.7,64.56
STU0014,2025-03-15,77.35,86.09
STU0015,2025-03-15,73.8,70.46
STU0016,2025-03-15,83.14,94.01
STU0017,2025-03-15,79.88,87.03
STU0018,2025-03-15,79.9,71.93
STU0019,2025-03-15,45.77,49.0
STU0020,2025-03-15,56.85,65.03
STU0021,2025-03-15,82.56,95.47
STU0022,2025-03-15,76.94,94.05
STU0023,2025-03-15,38.08,32.63
STU0024,2025-03-15,41.28,52.13
STU0025,2025-03-15,85.2,88.57
STU0026,2025-03-15,44.87,44.18
STU0027,2025-03-15,56.55,69.21
STU0028,2025-03-15,85.56,73.14
STU0029,2025-03-15,29.33,55.19
STU0030,2025-03-15,56.2,69.96
STU0031,2025-03-15,84.79,90.17
STU0032,2025-03-15,93.97,81.93
STU0033,2025-03-15,55.71,60.16
STU0034,2025-03-15,82.97,92.32
STU0035,2025-03-15,79.72,73.09
STU0036,2025-03-15,82.71,85.85
STU0037,2025-03-15,90.17,88.39
STU0038,2025-03-15,68.5,81.04
STU0039,2025-03-15,68.25,84.97
STU0040,2025-03-15,49.05,55.13
STU0041,2025-03-15,54.95,51.93
STU0042,2025-03-15,51.22,64.07
STU0043,2025-03-15,69.17,70.83
STU0044,2025-03-15,86.39,87.6
STU0045,2025-03-15,86.63,73.66
STU0046,2025-03-15,26.47,21.91
STU0047,2025-03-15,58.87,61.37
STU0048,2025-03-15,87.41,94.41
STU0049,2025-03-15,48.74,57.95
STU0050,2025-03-15,44.95,27.63
STU0051,2025-03-15,78.14,80.01
STU0052,2025-03-15,70.78,86.76
STU0053,2025-03-15,75.29,58.52
STU0054,2025-03-15,47.85,37.62
STU0055,2025-03-15,60.24,64.4
STU0056,2025-03-15,29.84,15.48
STU0057,2025-03-15,68.74,88.65
STU0058,2025-03-15,58.49,49.45
STU0059,2025-03-15,44.25,54.11
STU0060,2025-03-15,51.3,75.97
STU0061,2025-03-15,48.14,62.96
STU0062,2025-03-15,56.89,79.36
STU0063,2025-03-15,44.54,46.9
STU0064,2025-03-15,78.95,81.11
STU0065,2025-03-15,85.34,95.99
STU0066,2025-03-15,82.56,92.03
STU0067,2025-03-15,66.73,61.66
STU0068,2025-03-15,77.79,87.64
STU0069,2025-03-15,77.4,77.41
STU0070,2025-03-15,98.65,86.52
STU0071,2025-03-15,56.13,54.73
STU0072,2025-03-15,73.73,74.72
STU0073,2025-03-15,84.11,73.71
STU0074,2025-03-15,74.81,74.62
STU0075,2025-03-15,34.79,54.44
STU0076,2025-03-15,80.43,71.89
STU0077,2025-03-15,60.2,68.14
STU0078,2025-03-15,78.08,76.23
STU0079,2025-03-15,59.41,77.9
STU0080,2025-03-15,78.69,78.36
STU0081,2025-03-15,69.64,78.35
STU0082,2025-03-15,66.54,65.68
STU0083,2025-03-15,64.75,68.54
STU0084,2025-03-15,44.03,57.18
STU0085,2025-03-15,80.16,84.08
STU0086,2025-03-15,61.31,65.23
STU0087,2025-03-15,32.58,47.38
STU0088,2025-03-15,57.41,56.98
STU0089,2025-03-15,71.52,78.44
STU0090,2025-03-15,26.27,32.36
STU0091,2025-03-15,80.92,93.06
STU0092,2025-03-15,55.07,59.19
STU0093,2025-03-15,51.68,62.68
STU0094,2025-03-15,97.85,100.0
STU0095,2025-03-15,23.87,25.37
STU0096,2025-03-15,63.25,59.63
STU0097,2025-03-15,84.82,86.57
STU0098,2025-03-15,61.95,72.25
STU0099,2025-03-15,23.85,51.55
STU0100,2025-03-15,81.94,76.22
STU0101,2025-03-15,67.27,76.78
STU0102,2025-03-15,92.85,81.77
STU0103,2025-03-15,80.22,81.53
STU0104,2025-03-15,41.52,36.44
STU0105,2025-03-15,26.38,38.23
STU0106,2025-03-15,31.85,45.38
STU0107,2025-03-15,21.56,28.92
STU0108,2025-03-15,86.64,78.23
STU0109,2025-03-15,51.74,37.72
STU0110,2025-03-15,69.59,80.72
STU0111,2025-03-15,39.88,38.29
STU0112,2025-03-15,70.88,82.64
STU0113,2025-03-15,70.47,74.53
STU0114,2025-03-15,75.48,94.76
STU0115,2025-03-15,84.2,94.0
STU0116,2025-03-15,37.34,34.7
STU0117,2025-03-15,72.79,67.8
STU0118,2025-03-15,80.44,85.23
STU0119,2025-03-15,70.39,66.7
STU0120,2025-03-15,46.59,56.56
STU0121,2025-03-15,69.67,74.3
STU0122,2025-03-15,66.03,66.78
STU0123,2025-03-15,90.89,89.47
STU0124,2025-03-15,72.61,79.07
STU0125,2025-03-15,89.66,100.0
STU0126,2025-03-15,36.45,56.0
STU0127,2025-03-15,47.78,49.68
STU0128,2025-03-15,51.24,60.1
STU0129,2025-03-15,85.65,100.0
STU0130,2025-03-15,83.24,80.5
STU0131,2025-03-15,79.83,76.06
STU0132,2025-03-15,100.0,92.74
STU0133,2025-03-15,87.94,86.93
STU0134,2025-03-15,84.04,74.44
STU0135,2025-03-15,77.04,81.75
STU0136,2025-03-15,18.53,17.41
STU0137,2025-03-15,67.39,80.76
STU0138,2025-03-15,66.97,52.9
STU0139,2025-03-15,80.03,84.05
STU0140,2025-03-15,81.42,89.18
STU0141,2025-03-15,93.43,82.99
STU0142,2025-03-15,86.77,98.04
STU0143,2025-03-15,72.13,80.2
STU0144,2025-03-15,49.81,47.44
STU0145,2025-03-15,54.2,55.02
STU0146,2025-03-15,79.4,71.67
STU0147,2025-03-15,84.78,81.24
STU0148,2025-03-15,42.51,44.61
STU0149,2025-03-15,97.53,78.14
STU0150,2025-03-15,37.87,44.89
STU0151,2025-03-15,34.17,57.29
STU0152,2025-03-15,32.42,29.17
STU0153,2025-03-15,87.61,94.7
STU0154,2025-03-15,59.31,59.15
STU0155,2025-03-15,84.38,97.08
STU0156,2025-03-15,69.57,81.49
STU0157,2025-03-15,60.56,58.45
STU0158,2025-03-15,80.58,90.24
STU0159,2025-03-15,48.25,71.01
STU0160,2025-03-15,72.28,77.51
STU0161,2025-03-15,90.21,81.18
STU0162,2025-03-15,71.61,74.99
STU0163,2025-03-15,76.07,76.1
STU0164,2025-03-15,73.2,95.72
STU0165,2025-03-15,90.43,92.46
STU0166,2025-03-15,32.4,41.87
STU0167,2025-03-15,25.58,42.19
STU0168,2025-03-15,57.11,60.01
STU0169,2025-03-15,63.11,80.52
STU0170,2025-03-15,68.36,81.15
STU0171,2025-03-15,56.02,66.15
STU0172,2025-03-15,73.75,79.38
STU0173,2025-03-15,75.13,87.21
STU0174,2025-03-15,66.27,78.01
STU0175,2025-03-15,55.19,54.2
STU0176,2025-03-15,83.29,82.91
STU0177,2025-03-15,82.95,84.75
STU0178,2025-03-15,73.57,77.38
STU0179,2025-03-15,66.15,74.06
STU0180,2025-03-15,53.25,47.76
STU0181,2025-03-15,82.34,73.31
STU0182,2025-03-15,43.32,43.95
STU0183,2025-03-15,85.06,76.21
STU0184,2025-03-15,40.35,50.3
STU0185,2025-03-15,72.74,80.07
STU0186,2025-03-15,52.95,61.22
STU0187,2025-03-15,46.58,48.27
STU0188,2025-03-15,100.0,100.0
STU0189,2025-03-15,70.15,74.69
STU0190,2025-03-15,85.19,87.49
STU0191,2025-03-15,66.24,81.83
STU0192,2025-03-15,39.0,36.93
STU0193,2025-03-15,35.73,51.74
STU0194,2025-03-15,54.84,60.21
STU0195,2025-03-15,33.12,47.82
STU0196,2025-03-15,65.79,74.73
STU0197,2025-03-15,76.58,66.82
STU0198,2025-03-15,86.26,83.27
STU0199,2025-03-15,77.41,72.6
STU0200,2025-03-15,85.69,86.66
STU0201,2025-03-15,89.12,97.94
STU0202,2025-03-15,65.3,56.73
STU0203,2025-03-15,86.08,94.22
STU0204,2025-03-15,75.37,60.97
STU0205,2025-03-15,81.74,84.01
STU0206,2025-03-15,65.86,60.39
STU0207,2025-03-15,85.08,93.33
STU0208,2025-03-15,87.19,75.23
STU0209,2025-03-15,39.2,54.25
STU0210,2025-03-15,54.94,53.38
STU0211,2025-03-15,80.71,95.64
STU0212,2025-03-15,42.93,54.06
STU0213,2025-03-15,61.4,48.29
STU0214,2025-03-15,40.13,46.87
STU0215,2025-03-15,45.52,62.29
STU0216,2025-03-15,92.8,94.94
STU0217,2025-03-15,50.77,62.2
STU0218,2025-03-15,84.26,80.65
STU0219,2025-03-15,73.34,86.57
STU0220,2025-03-15,33.91,39.62
STU0221,2025-03-15,50.89,54.67
STU0222,2025-03-15,64.05,81.88
STU0223,2025-03-15,67.11,72.2
STU0224,2025-03-15,34.21,40.31
STU0225,2025-03-15,52.09,72.49
STU0226,2025-03-15,37.0,44.59
STU0227,2025-03-15,40.46,63.77
STU0228,2025-03-15,14.08,31.02
STU0229,2025-03-15,81.63,97.72
STU0230,2025-03-15,51.04,41.1
STU0231,2025-03-15,78.54,77.77
STU0232,2025-03-15,82.42,82.3
STU0233,2025-03-15,65.29,74.49
STU0234,2025-03-15,42.76,41.3
STU0235,2025-03-15,59.1,65.14
STU0236,2025-03-15,27.9,43.27
STU0237,2025-03-15,36.64,38.69
STU0238,2025-03-15,55.72,58.13
STU0239,2025-03-15,76.16,88.01
STU0240,2025-03-15,82.3,98.59
STU0241,2025-03-15,86.47,86.24
STU0242,2025-03-15,45.67,48.58
STU0243,2025-03-15,25.45,36.44
STU0244,2025-03-15,68.86,76.89
STU0245,2025-03-15,38.15,59.08
STU0246,2025-03-15,39.96,34.45
STU0247,2025-03-15,81.34,91.41
STU0248,2025-03-15,15.83,22.72
STU0249,2025-03-15,37.9,48.01
STU0250,2025-03-15,57.42,69.52
STU0251,2025-03-15,91.82,100.0
STU0252,2025-03-15,92.06,71.89
STU0253,2025-03-15,45.78,59.63
STU0254,2025-03-15,57.99,63.83
STU0255,2025-03-15,43.72,37.27
STU0256,2025-03-15,40.21,44.19
STU0257,2025-03-15,37.9,36.43
STU0258,2025-03-15,80.95,84.62
STU0259,2025-03-15,86.85,76.6
STU0260,2025-03-15,74.58,84.83
STU0261,2025-03-15,35.54,37.61
STU0262,2025-03-15,76.6,72.82
STU0263,2025-03-15,58.7,64.85
STU0264,2025-03-15,61.96,60.71
STU0265,2025-03-15,21.84,37.35
STU0266,2025-03-15,70.82,69.19
STU0267,2025-03-15,41.55,57.87
STU0268,2025-03-15,63.76,79.37
STU0269,2025-03-15,44.66,57.67
STU0270,2025-03-15,40.39,61.94
STU0271,2025-03-15,79.19,89.92
STU0272,2025-03-15,76.95,89.0
STU0273,2025-03-15,53.92,64.94
STU0274,2025-03-15,99.46,91.92
STU0275,2025-03-15,35.89,24.41
STU0276,2025-03-15,42.03,52.82
STU0277,2025-03-15,73.11,78.57
STU0278,2025-03-15,84.38,92.98
STU0279,2025-03-15,35.21,41.02
STU0280,2025-03-15,90.73,89.44
STU0281,2025-03-15,69.53,87.42
STU0282,2025-03-15,40.09,41.3
STU0283,2025-03-15,79.29,73.93
STU0284,2025-03-15,57.33,57.74
STU0285,2025-03-15,60.6,72.94
STU0286,2025-03-15,39.77,43.54
STU0287,2025-03-15,80.45,83.73
STU0288,2025-03-15,16.65,20.4
STU0289,2025-03-15,77.99,87.62
STU0290,2025-03-15,93.77,91.26
STU0291,2025-03-15,56.65,68.0
STU0292,2025-03-15,64.81,84.41
STU0293,2025-03-15,71.59,80.48
STU0294,2025-03-15,76.08,87.37
STU0295,2025-03-15,57.64,72.97
STU0296,2025-03-15,69.84,92.83
STU0297,2025-03-15,61.21,54.64
STU0298,2025-03-15,82.26,88.23
STU0299,2025-03-15,80.16,93.2
STU0300,2025-03-15,59.92,66.15
STU0301,2025-03-15,63.61,67.84
STU0302,2025-03-15,49.84,75.15
STU0303,2025-03-15,23.59,48.23
STU0304,2025-03-15,95.24,92.15
STU0305,2025-03-15,34.62,45.45
STU0306,2025-03-15,49.91,52.69
STU0307,2025-03-15,33.62,45.77
STU0308,2025-03-15,100.0,87.2
STU0309,2025-03-15,54.93,78.81
STU0310,2025-03-15,39.83,41.48
STU0311,2025-03-15,86.34,80.33
STU0312,2025-03-15,78.41,86.74
STU0313,2025-03-15,88.53,100.0
STU0314,2025-03-15,66.42,80.57
STU0315,2025-03-15,54.43,55.59
STU0316,2025-03-15,30.81,20.24
STU0317,2025-03-15,74.18,66.04
STU0318,2025-03-15,82.13,89.89
STU0319,2025-03-15,72.66,93.11
STU0320,2025-03-15,51.94,80.43
STU0321,2025-03-15,67.57,66.23
STU0322,2025-03-15,85.96,95.37
STU0323,2025-03-15,69.01,68.38
STU0324,2025-03-15,57.75,57.88
STU0325,2025-03-15,96.2,91.27
STU0326,2025-03-15,76.83,94.44
STU0327,2025-03-15,41.45,39.71
STU0328,2025-03-15,91.07,92.24
STU0329,2025-03-15,91.47,80.18
STU0330,2025-03-15,41.3,47.18
STU0331,2025-03-15,36.57,53.75
STU0332,2025-03-15,58.18,54.02
STU0333,2025-03-15,72.57,85.4
STU0334,2025-03-15,79.98,72.88
STU0335,2025-03-15,64.51,86.12
STU0336,2025-03-15,28.79,52.08
STU0337,2025-03-15,43.84,53.42
STU0338,2025-03-15,70.08,78.93
STU0339,2025-03-15,75.52,83.05
STU0340,2025-03-15,64.81,85.89
STU0341,2025-03-15,71.98,85.79
STU0342,2025-03-15,78.82,100.0
STU0343,2025-03-15,78.77,62.8
STU0344,2025-03-15,77.29,85.82
STU0345,2025-03-15,93.94,100.0
STU0346,2025-03-15,35.54,41.58
STU0347,2025-03-15,78.68,83.28
STU0348,2025-03-15,80.69,96.1
STU0349,2025-03-15,53.46,43.11
STU0350,2025-03-15,52.73,67.85
STU0351,2025-03-15,57.59,69.91
STU0352,2025-03-15,35.11,45.56
STU0353,2025-03-15,67.5,66.18
STU0354,2025-03-15,79.2,77.24
STU0355,2025-03-15,98.48,95.76
STU0356,2025-03-15,79.63,80.6
STU0357,2025-03-15,69.9,76.76
STU0358,2025-03-15,88.49,100.0
STU0359,2025-03-15,80.4,78.02
STU0360,2025-03-15,78.57,84.64
STU0361,2025-03-15,38.22,34.85
STU0362,2025-03-15,74.04,79.07
STU0363,2025-03-15,41.1,40.8
STU0364,2025-03-15,88.69,91.62
STU0365,2025-03-15,44.82,53.78
STU0366,2025-03-15,85.06,91.06
STU0367,2025-03-15,94.26,89.22
STU0368,2025-03-15,48.32,53.99
STU0369,2025-03-15,29.08,42.84
STU0370,2025-03-15,55.53,70.26
STU0371,2025-03-15,67.94,74.12
STU0372,2025-03-15,36.38,56.73
STU0373,2025-03-15,81.64,79.33
STU0374,2025-03-15,86.54,99.19
STU0375,2025-03-15,47.15,30.25
STU0376,2025-03-15,71.42,75.7
STU0377,2025-03-15,74.21,80.2
STU0378,2025-03-15,94.87,100.0
STU0379,2025-03-15,72.89,74.16
STU0380,2025-03-15,78.94,89.07
STU0381,2025-03-15,78.9,69.1
STU0382,2025-03-15,90.96,84.99
STU0383,2025-03-15,95.93,76.76
STU0384,2025-03-15,42.35,41.73
STU0385,2025-03-15,46.9,68.81
STU0386,2025-03-15,37.16,42.19
STU0387,2025-03-15,38.57,43.16
STU0388,2025-03-15,79.57,82.32
STU0389,2025-03-15,70.53,50.76
STU0390,2025-03-15,95.3,94.76
STU0391,2025-03-15,67.73,72.12
STU0392,2025-03-15,62.03,70.03
STU0393,2025-03-15,84.28,87.85
STU0394,2025-03-15,45.6,47.35
STU0395,2025-03-15,80.61,89.24
STU0396,2025-03-15,60.44,57.21
STU0397,2025-03-15,57.88,66.0
STU0398,2025-03-15,38.26,62.99
STU0399,2025-03-15,81.32,69.47
STU0400,2025-03-15,39.02,47.66
STU0401,2025-03-15,66.74,72.51
STU0402,2025-03-15,64.18,73.52
STU0403,2025-03-15,42.2,49.98
STU0404,2025-03-15,74.02,77.22
STU0405,2025-03-15,60.71,80.09
STU0406,2025-03-15,43.24,52.14
STU0407,2025-03-15,84.43,90.32
STU0408,2025-03-15,52.84,43.81
STU0409,2025-03-15,66.37,73.42
STU0410,2025-03-15,37.17,35.84
STU0411,2025-03-15,76.97,91.78
STU0412,2025-03-15,49.09,62.68
STU0413,2025-03-15,59.65,57.83
STU0414,2025-03-15,60.5,80.35
STU0415,2025-03-15,57.59,64.93
STU0416,2025-03-15,81.78,94.96
STU0417,2025-03-15,91.07,89.95
STU0418,2025-03-15,91.11,94.56
STU0419,2025-03-15,33.83,40.76
STU0420,2025-03-15,80.86,86.97
STU0421,2025-03-15,76.25,87.77
STU0422,2025-03-15,40.53,36.03
STU0423,2025-03-15,80.28,90.81
STU0424,2025-03-15,15.14,36.99
STU0425,2025-03-15,57.03,50.94
STU0426,2025-03-15,88.98,95.26
STU0427,2025-03-15,50.57,46.63
STU0428,2025-03-15,64.41,82.14
STU0429,2025-03-15,87.45,100.0
STU0430,2025-03-15,47.67,71.66
STU0431,2025-03-15,52.18,42.88
STU0432,2025-03-15,78.79,91.71
STU0433,2025-03-15,59.75,76.43
STU0434,2025-03-15,84.59,69.95
STU0435,2025-03-15,60.05,60.28
STU0436,2025-03-15,38.8,47.25
STU0437,2025-03-15,47.78,44.1
STU0438,2025-03-15,91.41,98.04
STU0439,2025-03-15,70.08,69.35
STU0440,2025-03-15,25.81,39.08
STU0441,2025-03-15,39.93,54.15
STU0442,2025-03-15,85.21,90.75
STU0443,2025-03-15,17.55,25.45
STU0444,2025-03-15,73.66,88.99
STU0445,2025-03-15,64.92,67.61
STU0446,2025-03-15,85.12,86.51
STU0447,2025-03-15,51.05,52.29
STU0448,2025-03-15,81.76,94.25
STU0449,2025-03-15,59.34,54.31
STU0450,2025-03-15,76.48,81.22
STU0451,2025-03-15,73.7,72.88
STU0452,2025-03-15,85.52,89.24
STU0453,2025-03-15,84.19,90.6
STU0454,2025-03-15,92.45,82.43
STU0455,2025-03-15,56.31,53.19
STU0456,2025-03-15,66.08,92.75
STU0457,2025-03-15,59.79,66.61
STU0458,2025-03-15,72.18,76.33
STU0459,2025-03-15,33.33,38.74
STU0460,2025-03-15,43.89,43.75
STU0461,2025-03-15,26.15,37.24
STU0462,2025-03-15,83.15,97.47
STU0463,2025-03-15,83.8,86.51
STU0464,2025-03-15,87.55,89.49
STU0465,2025-03-15,65.52,56.14
STU0466,2025-03-15,77.97,90.04
STU0467,2025-03-15,45.72,61.34
STU0468,2025-03-15,77.79,88.95
STU0469,2025-03-15,80.35,73.47
STU0470,2025-03-15,59.28,60.42
STU0471,2025-03-15,69.96,94.41
STU0472,2025-03-15,92.97,74.38
STU0473,2025-03-15,45.95,52.02
STU0474,2025-03-15,66.36,57.86
STU0475,2025-03-15,82.07,74.33
STU0476,2025-03-15,37.84,44.22
STU0477,2025-03-15,62.28,73.96
STU0478,2025-03-15,90.13,78.22
STU0479,2025-03-15,61.31,76.75
STU0480,2025-03-15,41.54,43.38
STU0481,2025-03-15,99.13,78.88
STU0482,2025-03-15,40.57,58.72
STU0483,2025-03-15,60.45,68.63
STU0484,2025-03-15,41.65,55.22
STU0485,2025-03-15,57.24,63.42
STU0486,2025-03-15,85.08,91.55
STU0487,2025-03-15,91.06,82.61
STU0488,2025-03-15,71.83,94.14
STU0489,2025-03-15,82.43,77.15
STU0490,2025-03-15,60.48,80.85
STU0491,2025-03-15,47.27,39.09
STU0492,2025-03-15,41.61,39.02
STU0493,2025-03-15,46.95,47.62
STU0494,2025-03-15,33.26,47.63
STU0495,2025-03-15,60.16,74.25
STU0496,2025-03-15,80.88,83.15
STU0497,2025-03-15,82.05,84.39
STU0498,2025-03-15,39.0,53.91
STU0499,2025-03-15,33.56,37.57
STU0500,2025-03-15,55.05,58.54
STU0501,2025-03-15,50.61,42.03
STU0502,2025-03-15,38.19,51.28
STU0503,2025-03-15,83.73,87.34
STU0504,2025-03-15,33.98,40.06
STU0505,2025-03-15,40.88,46.75
STU0506,2025-03-15,74.97,79.55
STU0507,2025-03-15,52.89,65.71
STU0508,2025-03-15,96.83,91.75
STU0509,2025-03-15,78.97,81.96
STU0510,2025-03-15,80.62,66.95
STU0511,2025-03-15,89.4,77.52
STU0512,2025-03-15,83.92,86.91
STU0513,2025-03-15,50.85,59.77
STU0514,2025-03-15,77.32,86.01
STU0515,2025-03-15,93.46,100.0
STU0516,2025-03-15,76.53,79.08
STU0517,2025-03-15,75.94,82.42
STU0518,2025-03-15,61.99,56.02
STU0519,2025-03-15,85.66,100.0
STU0520,2025-03-15,59.28,66.52
STU0521,2025-03-15,68.52,77.2
STU0522,2025-03-15,42.52,46.49
STU0523,2025-03-15,75.42,67.61
STU0524,2025-03-15,29.25,36.0
STU0525,2025-03-15,36.66,39.15
STU0526,2025-03-15,90.26,89.57
STU0527,2025-03-15,18.77,33.58
STU0528,2025-03-15,30.95,19.73
STU0529,2025-03-15,87.46,93.49
STU0530,2025-03-15,94.45,86.35
STU0531,2025-03-15,43.54,46.28
STU0532,2025-03-15,38.92,51.47
STU0533,2025-03-15,47.36,59.14
STU0534,2025-03-15,77.21,71.61
STU0535,2025-03-15,57.44,54.07
STU0536,2025-03-15,16.61,12.64
STU0537,2025-03-15,100.0,94.86
STU0538,2025-03-15,64.23,84.2
STU0539,2025-03-15,41.89,60.75
STU0540,2025-03-15,40.43,42.2
STU0541,2025-03-15,42.74,44.49
STU0542,2025-03-15,73.6,77.36
STU0543,2025-03-15,75.12,79.26
STU0544,2025-03-15,59.59,82.71
STU0545,2025-03-15,42.08,27.91
STU0546,2025-03-15,94.18,97.99
STU0547,2025-03-15,89.97,82.37
STU0548,2025-03-15,78.78,83.62
STU0549,2025-03-15,78.08,100.0
STU0550,2025-03-15,79.1,77.09
STU0551,2025-03-15,90.71,100.0
STU0552,2025-03-15,46.62,50.75
STU0553,2025-03-15,89.19,93.37
STU0554,2025-03-15,88.53,76.35
STU0555,2025-03-15,79.04,77.65
STU0556,2025-03-15,48.19,52.73
STU0557,2025-03-15,44.62,62.68
STU0558,2025-03-15,57.83,78.24
STU0559,2025-03-15,90.09,80.58
STU0560,2025-03-15,31.08,43.92
STU0561,2025-03-15,74.25,89.01
STU0562,2025-03-15,63.83,70.2
STU0563,2025-03-15,19.07,29.33
STU0564,2025-03-15,84.69,86.21
STU0565,2025-03-15,55.51,47.12
STU0566,2025-03-15,83.68,89.32
STU0567,2025-03-15,58.79,59.64
STU0568,2025-03-15,26.98,28.43
STU0569,2025-03-15,53.18,63.08
STU0570,2025-03-15,90.92,93.59
STU0571,2025-03-15,62.97,56.94
STU0572,2025-03-15,15.44,23.04
STU0573,2025-03-15,80.67,90.24
STU0574,2025-03-15,88.9,74.4
STU0575,2025-03-15,89.45,79.23
STU0576,2025-03-15,50.73,56.39
STU0577,2025-03-15,48.27,41.03
STU0578,2025-03-15,39.43,58.37
STU0579,2025-03-15,37.86,38.42
STU0580,2025-03-15,44.78,36.13
STU0581,2025-03-15,87.04,97.26
STU0582,2025-03-15,39.65,35.04
STU0583,2025-03-15,44.36,57.58
STU0584,2025-03-15,30.98,40.73
STU0585,2025-03-15,85.45,81.8
STU0586,2025-03-15,49.02,44.7
STU0587,2025-03-15,70.4,78.18
STU0588,2025-03-15,76.99,78.15
STU0589,2025-03-15,84.09,86.05
STU0590,2025-03-15,65.15,80.57
STU0591,2025-03-15,27.8,40.97
STU0592,2025-03-15,28.89,37.15
STU0593,2025-03-15,30.19,36.81
STU0594,2025-03-15,28.59,40.73
STU0595,2025-03-15,40.5,46.61
STU0596,2025-03-15,44.19,64.03
STU0597,2025-03-15,80.82,84.81
STU0598,2025-03-15,0.0,12.86
STU0599,2025-03-15,58.27,49.42
STU0600,2025-03-15,83.16,83.07
STU0601,2025-03-15,87.24,100.0
STU0602,2025-03-15,80.3,90.84
STU0603,2025-03-15,72.22,84.84
STU0604,2025-03-15,100.0,100.0
STU0605,2025-03-15,76.63,74.72
STU0606,2025-03-15,69.57,75.54
STU0607,2025-03-15,50.83,53.08
STU0608,2025-03-15,77.38,98.12
STU0609,2025-03-15,80.8,91.05
STU0610,2025-03-15,73.45,85.86
STU0611,2025-03-15,82.05,90.05
STU0612,2025-03-15,40.65,49.33
STU0613,2025-03-15,84.07,80.47
STU0614,2025-03-15,59.55,62.73
STU0615,2025-03-15,55.96,73.6
STU0616,2025-03-15,58.53,68.01
STU0617,2025-03-15,11.87,24.06
STU0618,2025-03-15,21.43,35.11
STU0619,2025-03-15,53.14,43.99
STU0620,2025-03-15,75.13,89.99
STU0621,2025-03-15,36.15,53.3
STU0622,2025-03-15,44.48,42.22
STU0623,2025-03-15,89.21,84.88
STU0624,2025-03-15,80.27,87.65
STU0625,2025-03-15,82.52,72.53
STU0626,2025-03-15,37.73,32.57
STU0627,2025-03-15,76.64,75.12
STU0628,2025-03-15,58.02,55.45
STU0629,2025-03-15,70.37,80.02
STU0630,2025-03-15,26.86,44.11
STU0631,2025-03-15,54.97,56.89
STU0632,2025-03-15,98.48,88.99
STU0633,2025-03-15,86.0,74.68
STU0634,2025-03-15,75.86,86.17
STU0635,2025-03-15,33.0,21.51
STU0636,2025-03-15,27.97,32.02
STU0637,2025-03-15,39.61,37.94
STU0638,2025-03-15,58.98,53.05
STU0639,2025-03-15,35.2,31.87
STU0640,2025-03-15,75.62,79.36
STU0641,2025-03-15,79.72,93.97
STU0642,2025-03-15,19.16,31.96
STU0643,2025-03-15,84.53,89.49
STU0644,2025-03-15,46.18,39.04
STU0645,2025-03-15,75.23,76.36
STU0646,2025-03-15,47.6,62.79
STU0647,2025-03-15,70.39,80.81
STU0648,2025-03-15,71.96,83.96
STU0649,2025-03-15,100.0,100.0
STU0650,2025-03-15,77.82,76.1
STU0651,2025-03-15,58.52,46.49
STU0652,2025-03-15,64.63,51.76
STU0653,2025-03-15,25.1,20.88
STU0654,2025-03-15,53.13,66.14
STU0655,2025-03-15,73.71,92.85
STU0656,2025-03-15,58.51,51.1
STU0657,2025-03-15,67.28,80.36
STU0658,2025-03-15,51.49,52.0
STU0659,2025-03-15,81.93,81.92
STU0660,2025-03-15,87.63,81.09
STU0661,2025-03-15,79.51,82.77
STU0662,2025-03-15,45.91,47.35
STU0663,2025-03-15,84.64,89.96
STU0664,2025-03-15,78.11,69.14
STU0665,2025-03-15,82.06,66.24
STU0666,2025-03-15,77.53,93.25
STU0667,2025-03-15,71.52,84.59
STU0668,2025-03-15,42.7,55.1
STU0669,2025-03-15,61.32,76.08
STU0670,2025-03-15,53.66,45.19
STU0671,2025-03-15,86.91,78.36
STU0672,2025-03-15,61.66,56.3
STU0673,2025-03-15,71.3,85.9
STU0674,2025-03-15,33.18,32.6
STU0675,2025-03-15,83.49,76.9
STU0676,2025-03-15,72.44,83.53
STU0677,2025-03-15,22.89,25.62
STU0678,2025-03-15,29.13,39.31
STU0679,2025-03-15,48.36,42.69
STU0680,2025-03-15,80.43,95.99
STU0681,2025-03-15,83.02,92.69
STU0682,2025-03-15,83.17,76.19
STU0683,2025-03-15,49.84,42.96
STU0684,2025-03-15,88.75,98.49
STU0685,2025-03-15,74.07,91.19
STU0686,2025-03-15,41.79,43.42
STU0687,2025-03-15,65.72,61.25
STU0688,2025-03-15,88.87,93.4
STU0689,2025-03-15,56.15,49.59
STU0690,2025-03-15,46.3,63.26
STU0691,2025-03-15,82.6,85.03
STU0692,2025-03-15,83.51,90.76
STU0693,2025-03-15,42.1,41.25
STU0694,2025-03-15,47.17,53.09
STU0695,2025-03-15,48.45,44.4
STU0696,2025-03-15,28.2,52.16
STU0697,2025-03-15,67.94,71.85
STU0698,2025-03-15,72.21,85.08
STU0699,2025-03-15,35.0,51.06
STU0700,2025-03-15,84.78,88.32
STU0701,2025-03-15,85.8,91.51
STU0702,2025-03-15,82.06,100.0
STU0703,2025-03-15,64.66,62.37
STU0704,2025-03-15,80.72,69.71
STU0705,2025-03-15,72.61,100.0
STU0706,2025-03-15,82.49,76.99
STU0707,2025-03-15,65.77,57.92
STU0708,2025-03-15,36.61,33.09
STU0709,2025-03-15,45.39,55.31
STU0710,2025-03-15,79.51,72.69
STU0711,2025-03-15,38.86,54.4
STU0712,2025-03-15,47.55,68.6
STU0713,2025-03-15,90.62,89.27
STU0714,2025-03-15,83.36,78.07
STU0715,2025-03-15,75.06,85.84
STU0716,2025-03-15,47.58,54.99
STU0717,2025-03-15,37.12,40.26
STU0718,2025-03-15,41.57,44.45
STU0719,2025-03-15,94.71,100.0
STU0720,2025-03-15,56.65,56.35
STU0721,2025-03-15,96.6,95.86
STU0722,2025-03-15,87.56,94.33
STU0723,2025-03-15,100.0,100.0
STU0724,2025-03-15,43.24,63.29
STU0725,2025-03-15,29.16,37.3
STU0726,2025-03-15,66.57,68.44
STU0727,2025-03-15,100.0,86.82
STU0728,2025-03-15,100.0,97.48
STU0729,2025-03-15,60.15,71.89
STU0730,2025-03-15,78.48,91.68
STU0731,2025-03-15,25.58,42.24
STU0732,2025-03-15,95.84,98.1
STU0733,2025-03-15,57.47,63.5
STU0734,2025-03-15,98.66,90.43
STU0735,2025-03-15,83.55,92.09
STU0736,2025-03-15,25.26,50.06
STU0737,2025-03-15,52.03,47.54
STU0738,2025-03-15,39.54,49.47
STU0739,2025-03-15,32.93,41.33
STU0740,2025-03-15,83.4,65.8
STU0741,2025-03-15,24.69,41.74
STU0742,2025-03-15,81.8,84.74
STU0743,2025-03-15,89.61,91.42
STU0744,2025-03-15,73.54,78.24
STU0745,2025-03-15,76.47,74.21
STU0746,2025-03-15,84.83,90.06
STU0747,2025-03-15,59.48,75.92
STU0748,2025-03-15,67.6,80.69
STU0749,2025-03-15,52.72,53.95
STU0750,2025-03-15,17.79,31.19
STU0751,2025-03-15,82.99,95.57
STU0752,2025-03-15,52.98,44.38
STU0753,2025-03-15,71.88,78.48
STU0754,2025-03-15,42.06,40.53
STU0755,2025-03-15,73.32,81.59
STU0756,2025-03-15,86.89,83.33
STU0757,2025-03-15,50.38,49.32
STU0758,2025-03-15,89.62,77.33
STU0759,2025-03-15,75.95,89.06
STU0760,2025-03-15,49.29,60.95
STU0761,2025-03-15,75.29,88.45
STU0762,2025-03-15,84.82,89.07
STU0763,2025-03-15,73.63,79.94
STU0764,2025-03-15,42.06,57.93
STU0765,2025-03-15,90.37,95.67
STU0766,2025-03-15,52.3,59.83
STU0767,2025-03-15,21.75,39.95
STU0768,2025-03-15,85.76,89.66
STU0769,2025-03-15,32.23,32.97
STU0770,2025-03-15,83.57,69.25
STU0771,2025-03-15,72.77,76.62
STU0772,2025-03-15,77.18,100.0
STU0773,2025-03-15,58.12,62.51
STU0774,2025-03-15,52.82,50.94
STU0775,2025-03-15,77.91,91.25
STU0776,2025-03-15,69.79,66.83
STU0777,2025-03-15,75.46,98.4
STU0778,2025-03-15,44.11,55.53
STU0779,2025-03-15,57.01,57.09
STU0780,2025-03-15,54.28,67.4
STU0781,2025-03-15,76.98,61.75
STU0782,2025-03-15,98.18,90.08
STU0783,2025-03-15,76.63,83.05
STU0784,2025-03-15,81.16,73.92
STU0785,2025-03-15,100.0,100.0
STU0786,2025-03-15,38.27,56.3
STU0787,2025-03-15,18.77,27.79
STU0788,2025-03-15,63.16,50.07
STU0789,2025-03-15,56.1,53.3
STU0790,2025-03-15,78.85,89.23
STU0791,2025-03-15,44.66,48.17
STU0792,2025-03-15,48.4,58.24
STU0793,2025-03-15,71.6,71.26
STU0794,2025-03-15,60.84,60.04
STU0795,2025-03-15,99.83,97.24
STU0796,2025-03-15,97.52,97.81
STU0797,2025-03-15,76.5,92.34
STU0798,2025-03-15,75.07,79.89
STU0799,2025-03-15,85.14,83.33
STU0800,2025-03-15,41.58,46.04
STU0801,2025-03-15,50.86,59.79
STU0802,2025-03-15,74.72,76.69
STU0803,2025-03-15,76.61,80.0
STU0804,2025-03-15,78.08,90.39
STU0805,2025-03-15,50.92,51.32
STU0806,2025-03-15,40.46,28.94
STU0807,2025-03-15,75.45,78.0
STU0808,2025-03-15,84.41,91.08
STU0809,2025-03-15,78.4,82.45
STU0810,2025-03-15,41.1,53.44
STU0811,2025-03-15,84.03,81.09
STU0812,2025-03-15,45.68,62.19
STU0813,2025-03-15,75.0,87.47
STU0814,2025-03-15,43.95,53.81
STU0815,2025-03-15,20.16,35.64
STU0816,2025-03-15,98.46,89.13
STU0817,2025-03-15,53.95,60.65
STU0818,2025-03-15,50.62,64.0
STU0819,2025-03-15,78.05,81.08
STU0820,2025-03-15,96.05,87.48
STU0821,2025-03-15,36.01,33.25
STU0822,2025-03-15,53.65,54.64
STU0823,2025-03-15,70.71,84.39
STU0824,2025-03-15,44.38,59.86
STU0825,2025-03-15,77.87,78.88
STU0826,2025-03-15,68.03,72.85
STU0827,2025-03-15,85.58,97.13
STU0828,2025-03-15,41.23,34.86
STU0829,2025-03-15,73.05,88.13
STU0830,2025-03-15,73.07,81.6
STU0831,2025-03-15,37.45,39.58
STU0832,2025-03-15,45.44,39.94
STU0833,2025-03-15,78.24,77.77
STU0834,2025-03-15,74.04,80.81
STU0835,2025-03-15,37.79,32.96
STU0836,2025-03-15,78.3,93.41
STU0837,2025-03-15,26.85,35.13
STU0838,2025-03-15,37.35,42.22
STU0839,2025-03-15,67.77,90.56
STU0840,2025-03-15,20.44,36.76
STU0841,2025-03-15,38.9,62.18
STU0842,2025-03-15,86.33,88.38
STU0843,2025-03-15,91.14,87.55
STU0844,2025-03-15,56.78,54.0
STU0845,2025-03-15,76.62,89.84
STU0846,2025-03-15,68.44,72.93
STU0847,2025-03-15,82.28,94.81
STU0848,2025-03-15,71.04,92.43
STU0849,2025-03-15,78.26,75.98
STU0850,2025-03-15,80.38,85.89
STU0851,2025-03-15,54.66,71.71
STU0852,2025-03-15,68.94,85.06
STU0853,2025-03-15,83.37,88.85
STU0854,2025-03-15,38.59,54.61
STU0855,2025-03-15,26.35,36.17
STU0856,2025-03-15,61.11,76.8
STU0857,2025-03-15,51.55,48.84
STU0858,2025-03-15,77.14,74.72
STU0859,2025-03-15,69.68,79.01
STU0860,2025-03-15,85.18,82.46
STU0861,2025-03-15,86.15,92.07
STU0862,2025-03-15,48.64,50.58
STU0863,2025-03-15,48.85,52.8
STU0864,2025-03-15,80.75,86.35
STU0865,2025-03-15,41.54,57.33
STU0866,2025-03-15,36.41,40.93
STU0867,2025-03-15,70.85,92.68
STU0868,2025-03-15,74.3,81.19
STU0869,2025-03-15,81.37,83.18
STU0870,2025-03-15,87.11,94.68
STU0871,2025-03-15,45.0,46.6
STU0872,2025-03-15,31.55,52.83
STU0873,2025-03-15,50.72,62.73
STU0874,2025-03-15,72.15,95.45
STU0875,2025-03-15,90.19,87.79
STU0876,2025-03-15,54.1,56.51
STU0877,2025-03-15,46.79,67.24
STU0878,2025-03-15,59.25,67.22
STU0879,2025-03-15,68.83,85.81
STU0880,2025-03-15,56.83,56.17
STU0881,2025-03-15,54.83,55.52
STU0882,2025-03-15,68.8,87.11
STU0883,2025-03-15,21.52,34.33
STU0884,2025-03-15,76.07,70.17
STU0885,2025-03-15,67.77,74.4
STU0886,2025-03-15,90.2,81.71
STU0887,2025-03-15,43.26,31.28
STU0888,2025-03-15,92.5,95.88
STU0889,2025-03-15,56.91,68.3
STU0890,2025-03-15,57.75,76.73
STU0891,2025-03-15,91.54,82.73
STU0892,2025-03-15,53.63,52.98
STU0893,2025-03-15,20.52,25.1
STU0894,2025-03-15,87.11,83.04
STU0895,2025-03-15,71.34,77.37
STU0896,2025-03-15,73.23,73.27
STU0897,2025-03-15,34.97,44.67
STU0898,2025-03-15,59.5,61.08
STU0899,2025-03-15,80.6,82.11
STU0900,2025-03-15,64.47,73.56
STU0901,2025-03-15,86.29,95.05
STU0902,2025-03-15,45.39,48.06
STU0903,2025-03-15,72.9,76.49
STU0904,2025-03-15,70.25,88.93
STU0905,2025-03-15,69.1,81.82
STU0906,2025-03-15,63.1,72.31
STU0907,2025-03-15,31.03,34.48
STU0908,2025-03-15,22.7,33.09
STU0909,2025-03-15,69.25,72.45
STU0910,2025-03-15,48.97,65.28
STU0911,2025-03-15,30.87,54.4
STU0912,2025-03-15,64.62,76.2
STU0913,2025-03-15,41.2,39.17
STU0914,2025-03-15,51.08,50.34
STU0915,2025-03-15,71.86,88.36
STU0916,2025-03-15,85.57,74.13
STU0917,2025-03-15,83.04,72.4
STU0918,2025-03-15,35.82,50.8
STU0919,2025-03-15,69.05,63.39
STU0920,2025-03-15,94.68,92.34
STU0921,2025-03-15,52.33,67.4
STU0922,2025-03-15,81.9,83.18
STU0923,2025-03-15,87.68,83.59
STU0924,2025-03-15,75.14,91.92
STU0925,2025-03-15,44.04,36.26
STU0926,2025-03-15,29.37,46.65
STU0927,2025-03-15,23.91,37.03
STU0928,2025-03-15,77.82,86.73
STU0929,2025-03-15,53.96,65.92
STU0930,2025-03-15,80.7,69.62
STU0931,2025-03-15,83.0,97.26
STU0932,2025-03-15,67.45,82.9
STU0933,2025-03-15,33.2,58.75
STU0934,2025-03-15,44.59,33.92
STU0935,2025-03-15,62.71,79.52
STU0936,2025-03-15,47.44,59.97
STU0937,2025-03-15,41.61,45.56
STU0938,2025-03-15,76.67,88.55
STU0939,2025-03-15,84.07,100.0
STU0940,2025-03-15,42.84,33.3
STU0941,2025-03-15,85.1,80.19
STU0942,2025-03-15,82.66,88.62
STU0943,2025-03-15,44.81,44.51
STU0944,2025-03-15,57.05,74.41
STU0945,2025-03-15,93.39,85.27
STU0946,2025-03-15,41.32,48.12
STU0947,2025-03-15,61.82,76.6
STU0948,2025-03-15,51.34,64.82
STU0949,2025-03-15,80.75,88.02
STU0950,2025-03-15,60.29,48.71
STU0951,2025-03-15,23.99,36.76
STU0952,2025-03-15,34.94,39.25
STU0953,2025-03-15,23.27,21.13
STU0954,2025-03-15,45.91,53.09
STU0955,2025-03-15,65.62,66.2
STU0956,2025-03-15,84.13,84.4
STU0957,2025-03-15,55.88,48.09
STU0958,2025-03-15,79.84,92.03
STU0959,2025-03-15,75.44,99.34
STU0960,2025-03-15,55.37,72.81
STU0961,2025-03-15,83.28,88.61
STU0962,2025-03-15,74.39,72.14
STU0963,2025-03-15,93.53,100.0
STU0964,2025-03-15,49.74,53.66
STU0965,2025-03-15,94.35,96.7
STU0966,2025-03-15,86.97,83.28
STU0967,2025-03-15,81.2,67.36
STU0968,2025-03-15,73.63,64.85
STU0969,2025-03-15,37.69,54.04
STU0970,2025-03-15,15.96,24.29
STU0971,2025-03-15,86.57,91.81
STU0972,2025-03-15,51.67,57.35
STU0973,2025-03-15,81.77,100.0
STU0974,2025-03-15,36.6,38.79
STU0975,2025-03-15,88.79,82.94
STU0976,2025-03-15,82.99,88.2
STU0977,2025-03-15,45.02,49.37
STU0978,2025-03-15,32.79,49.9
STU0979,2025-03-15,89.84,88.85
STU0980,2025-03-15,55.9,62.85
STU0981,2025-03-15,41.14,53.1
STU0982,2025-03-15,50.94,62.93
STU0983,2025-03-15,72.76,74.09
STU0984,2025-03-15,38.97,39.22
STU0985,2025-03-15,35.96,36.67
STU0986,2025-03-15,70.46,82.7
STU0987,2025-03-15,48.58,42.01
STU0988,2025-03-15,57.94,53.68
STU0989,2025-03-15,52.15,52.55
STU0990,2025-03-15,70.03,86.43
STU0991,2025-03-15,33.94,42.46
STU0992,2025-03-15,85.74,88.62
STU0993,2025-03-15,99.65,93.42
STU0994,2025-03-15,53.23,57.71
STU0995,2025-03-15,71.98,77.29
STU0996,2025-03-15,84.47,87.08
STU0997,2025-03-15,77.46,81.62
STU0998,2025-03-15,89.45,92.6
STU0999,2025-03-15,56.21,58.21
STU1000,2025-03-15,88.32,75.64
